date,stock_type,price_type,price
2020-09-01,AAPL,open,132.759995
2020-09-02,AAPL,open,137.589996
2020-09-03,AAPL,open,126.910004
2020-09-04,AAPL,open,120.07
2020-09-08,AAPL,open,113.949997
2020-09-09,AAPL,open,117.260002
2020-09-10,AAPL,open,120.360001
2020-09-11,AAPL,open,114.57
2020-09-14,AAPL,open,114.720001
2020-09-15,AAPL,open,118.330002
2020-09-16,AAPL,open,115.230003
2020-09-17,AAPL,open,109.720001
2020-09-18,AAPL,open,110.400002
2020-09-21,AAPL,open,104.540001
2020-09-22,AAPL,open,112.68
2020-09-23,AAPL,open,111.620003
2020-09-24,AAPL,open,105.169998
2020-09-25,AAPL,open,108.43
2020-09-28,AAPL,open,115.010002
2020-09-29,AAPL,open,114.550003
2020-09-30,AAPL,open,113.790001
2020-10-01,AAPL,open,117.639999
2020-10-02,AAPL,open,112.889999
2020-10-05,AAPL,open,113.910004
2020-10-06,AAPL,open,115.699997
2020-10-07,AAPL,open,114.620003
2020-10-08,AAPL,open,116.25
2020-10-09,AAPL,open,115.279999
2020-10-12,AAPL,open,120.059998
2020-10-13,AAPL,open,125.269997
2020-10-14,AAPL,open,121.0
2020-10-15,AAPL,open,118.720001
2020-10-16,AAPL,open,121.279999
2020-10-19,AAPL,open,119.959999
2020-10-20,AAPL,open,116.199997
2020-10-21,AAPL,open,116.669998
2020-10-22,AAPL,open,117.449997
2020-10-23,AAPL,open,116.389999
2020-10-26,AAPL,open,114.010002
2020-10-27,AAPL,open,115.489998
2020-10-28,AAPL,open,115.050003
2020-10-29,AAPL,open,112.370003
2020-10-30,AAPL,open,111.059998
2020-11-02,AAPL,open,109.110001
2020-11-03,AAPL,open,109.660004
2020-11-04,AAPL,open,114.139999
2020-11-05,AAPL,open,117.949997
2020-11-06,AAPL,open,118.32
2020-11-09,AAPL,open,120.5
2020-11-10,AAPL,open,115.550003
2020-11-11,AAPL,open,117.190002
2020-11-12,AAPL,open,119.620003
2020-11-13,AAPL,open,119.440002
2020-11-16,AAPL,open,118.919998
2020-11-17,AAPL,open,119.550003
2020-11-18,AAPL,open,118.610001
2020-11-19,AAPL,open,117.589996
2020-11-20,AAPL,open,118.639999
2020-11-23,AAPL,open,117.18
2020-11-24,AAPL,open,113.910004
2020-11-25,AAPL,open,115.550003
2020-11-27,AAPL,open,116.57
2020-11-30,AAPL,open,116.970001
2020-12-01,AAPL,open,121.010002
2020-12-02,AAPL,open,122.019997
2020-12-03,AAPL,open,123.519997
2020-12-04,AAPL,open,122.599998
2020-12-07,AAPL,open,122.309998
2020-12-08,AAPL,open,124.370003
2020-12-09,AAPL,open,124.529999
2020-12-10,AAPL,open,120.5
2020-12-11,AAPL,open,122.43
2020-12-14,AAPL,open,122.599998
2020-12-15,AAPL,open,124.339996
2020-12-16,AAPL,open,127.410004
2020-12-17,AAPL,open,128.899994
2020-12-18,AAPL,open,128.960007
2020-12-21,AAPL,open,125.019997
2020-12-22,AAPL,open,131.610001
2020-12-23,AAPL,open,132.160004
2020-12-24,AAPL,open,131.320007
2020-12-28,AAPL,open,133.990005
2020-12-29,AAPL,open,138.050003
2020-12-30,AAPL,open,135.580002
2020-12-31,AAPL,open,134.080002
2021-01-04,AAPL,open,133.520004
2021-01-05,AAPL,open,128.889999
2021-01-06,AAPL,open,127.720001
2021-01-07,AAPL,open,128.360001
2021-01-08,AAPL,open,132.429993
2021-01-11,AAPL,open,129.190002
2021-01-12,AAPL,open,128.5
2021-01-13,AAPL,open,128.759995
2021-01-14,AAPL,open,130.800003
2021-01-15,AAPL,open,128.779999
2021-01-19,AAPL,open,127.779999
2021-01-20,AAPL,open,128.660004
2021-01-21,AAPL,open,133.800003
2021-01-22,AAPL,open,136.279999
2021-01-25,AAPL,open,143.070007
2020-09-01,AMZN,open,3489.580078
2020-09-02,AMZN,open,3547.0
2020-09-03,AMZN,open,3485.0
2020-09-04,AMZN,open,3318.0
2020-09-08,AMZN,open,3144.0
2020-09-09,AMZN,open,3202.98999
2020-09-10,AMZN,open,3307.219971
2020-09-11,AMZN,open,3208.689941
2020-09-14,AMZN,open,3172.939941
2020-09-15,AMZN,open,3136.159912
2020-09-16,AMZN,open,3179.98999
2020-09-17,AMZN,open,3009.25
2020-09-18,AMZN,open,3031.73999
2020-09-21,AMZN,open,2906.5
2020-09-22,AMZN,open,3033.840088
2020-09-23,AMZN,open,3120.429932
2020-09-24,AMZN,open,2977.790039
2020-09-25,AMZN,open,3054.860107
2020-09-28,AMZN,open,3148.850098
2020-09-29,AMZN,open,3175.389893
2020-09-30,AMZN,open,3141.139893
2020-10-01,AMZN,open,3208.0
2020-10-02,AMZN,open,3153.629883
2020-10-05,AMZN,open,3145.840088
2020-10-06,AMZN,open,3165.0
2020-10-07,AMZN,open,3135.0
2020-10-08,AMZN,open,3224.98999
2020-10-09,AMZN,open,3210.0
2020-10-12,AMZN,open,3349.939941
2020-10-13,AMZN,open,3467.98999
2020-10-14,AMZN,open,3447.0
2020-10-15,AMZN,open,3292.01001
2020-10-16,AMZN,open,3363.22998
2020-10-19,AMZN,open,3299.610107
2020-10-20,AMZN,open,3222.280029
2020-10-21,AMZN,open,3212.5
2020-10-22,AMZN,open,3189.870117
2020-10-23,AMZN,open,3191.0
2020-10-26,AMZN,open,3198.73999
2020-10-27,AMZN,open,3224.939941
2020-10-28,AMZN,open,3249.300049
2020-10-29,AMZN,open,3201.27002
2020-10-30,AMZN,open,3157.75
2020-11-02,AMZN,open,3061.73999
2020-11-03,AMZN,open,3018.530029
2020-11-04,AMZN,open,3159.98999
2020-11-05,AMZN,open,3319.969971
2020-11-06,AMZN,open,3304.639893
2020-11-09,AMZN,open,3231.030029
2020-11-10,AMZN,open,3095.02002
2020-11-11,AMZN,open,3061.780029
2020-11-12,AMZN,open,3159.949951
2020-11-13,AMZN,open,3122.0
2020-11-16,AMZN,open,3093.199951
2020-11-17,AMZN,open,3183.540039
2020-11-18,AMZN,open,3134.0
2020-11-19,AMZN,open,3105.310059
2020-11-20,AMZN,open,3117.02002
2020-11-23,AMZN,open,3116.699951
2020-11-24,AMZN,open,3100.5
2020-11-25,AMZN,open,3141.870117
2020-11-27,AMZN,open,3211.26001
2020-11-30,AMZN,open,3208.47998
2020-12-01,AMZN,open,3188.5
2020-12-02,AMZN,open,3221.649902
2020-12-03,AMZN,open,3205.459961
2020-12-04,AMZN,open,3198.209961
2020-12-07,AMZN,open,3156.47998
2020-12-08,AMZN,open,3158.899902
2020-12-09,AMZN,open,3167.889893
2020-12-10,AMZN,open,3088.98999
2020-12-11,AMZN,open,3096.659912
2020-12-14,AMZN,open,3143.0
2020-12-15,AMZN,open,3181.01001
2020-12-16,AMZN,open,3176.01001
2020-12-17,AMZN,open,3250.0
2020-12-18,AMZN,open,3243.98999
2020-12-21,AMZN,open,3200.01001
2020-12-22,AMZN,open,3202.840088
2020-12-23,AMZN,open,3205.0
2020-12-24,AMZN,open,3193.899902
2020-12-28,AMZN,open,3194.0
2020-12-29,AMZN,open,3309.939941
2020-12-30,AMZN,open,3341.0
2020-12-31,AMZN,open,3275.0
2021-01-04,AMZN,open,3270.0
2021-01-05,AMZN,open,3166.01001
2021-01-06,AMZN,open,3146.47998
2021-01-07,AMZN,open,3157.0
2021-01-08,AMZN,open,3180.0
2021-01-11,AMZN,open,3148.01001
2021-01-12,AMZN,open,3120.0
2021-01-13,AMZN,open,3128.439941
2021-01-14,AMZN,open,3167.52002
2021-01-15,AMZN,open,3123.02002
2021-01-19,AMZN,open,3107.0
2021-01-20,AMZN,open,3181.98999
2021-01-21,AMZN,open,3293.0
2021-01-22,AMZN,open,3304.310059
2021-01-25,AMZN,open,3328.5
2020-09-01,GME,open,7.3
2020-09-02,GME,open,7.8
2020-09-03,GME,open,7.88
2020-09-04,GME,open,7.78
2020-09-08,GME,open,7.55
2020-09-09,GME,open,7.96
2020-09-10,GME,open,6.65
2020-09-11,GME,open,6.26
2020-09-14,GME,open,6.8
2020-09-15,GME,open,6.86
2020-09-16,GME,open,7.03
2020-09-17,GME,open,8.57
2020-09-18,GME,open,9.2
2020-09-21,GME,open,9.35
2020-09-22,GME,open,10.45
2020-09-23,GME,open,10.6
2020-09-24,GME,open,9.71
2020-09-25,GME,open,9.19
2020-09-28,GME,open,10.16
2020-09-29,GME,open,10.0
2020-09-30,GME,open,10.25
2020-10-01,GME,open,10.09
2020-10-02,GME,open,9.38
2020-10-05,GME,open,9.44
2020-10-06,GME,open,9.56
2020-10-07,GME,open,9.23
2020-10-08,GME,open,9.54
2020-10-09,GME,open,12.83
2020-10-12,GME,open,11.66
2020-10-13,GME,open,11.73
2020-10-14,GME,open,12.67
2020-10-15,GME,open,11.99
2020-10-16,GME,open,13.77
2020-10-19,GME,open,13.44
2020-10-20,GME,open,14.03
2020-10-21,GME,open,13.9
2020-10-22,GME,open,14.2
2020-10-23,GME,open,15.05
2020-10-26,GME,open,14.93
2020-10-27,GME,open,13.71
2020-10-28,GME,open,12.27
2020-10-29,GME,open,11.88
2020-10-30,GME,open,11.64
2020-11-02,GME,open,10.82
2020-11-03,GME,open,10.75
2020-11-04,GME,open,11.76
2020-11-05,GME,open,11.27
2020-11-06,GME,open,11.52
2020-11-09,GME,open,12.76
2020-11-10,GME,open,11.5
2020-11-11,GME,open,11.5
2020-11-12,GME,open,11.74
2020-11-13,GME,open,11.36
2020-11-16,GME,open,11.16
2020-11-17,GME,open,11.65
2020-11-18,GME,open,11.8
2020-11-19,GME,open,11.6
2020-11-20,GME,open,12.55
2020-11-23,GME,open,12.9
2020-11-24,GME,open,14.23
2020-11-25,GME,open,13.6
2020-11-27,GME,open,15.29
2020-11-30,GME,open,18.17
2020-12-01,GME,open,17.110001
2020-12-02,GME,open,15.7
2020-12-03,GME,open,16.48
2020-12-04,GME,open,16.299999
2020-12-07,GME,open,17.0
2020-12-08,GME,open,16.370001
2020-12-09,GME,open,13.92
2020-12-10,GME,open,13.12
2020-12-11,GME,open,13.91
2020-12-14,GME,open,13.34
2020-12-15,GME,open,12.78
2020-12-16,GME,open,13.96
2020-12-17,GME,open,13.96
2020-12-18,GME,open,15.78
2020-12-21,GME,open,15.81
2020-12-22,GME,open,16.219999
2020-12-23,GME,open,20.17
2020-12-24,GME,open,21.01
2020-12-28,GME,open,21.309999
2020-12-29,GME,open,20.82
2020-12-30,GME,open,19.379999
2020-12-31,GME,open,19.25
2021-01-04,GME,open,19.0
2021-01-05,GME,open,17.35
2021-01-06,GME,open,17.34
2021-01-07,GME,open,18.469999
2021-01-08,GME,open,18.18
2021-01-11,GME,open,19.41
2021-01-12,GME,open,19.959999
2021-01-13,GME,open,20.42
2021-01-14,GME,open,38.09
2021-01-15,GME,open,38.490002
2021-01-19,GME,open,41.549999
2021-01-20,GME,open,37.369999
2021-01-21,GME,open,39.23
2021-01-22,GME,open,42.59
2021-01-25,GME,open,96.730003
2020-09-01,KO,open,49.310001
2020-09-02,KO,open,49.360001
2020-09-03,KO,open,51.400002
2020-09-04,KO,open,50.939999
2020-09-08,KO,open,50.93
2020-09-09,KO,open,49.599998
2020-09-10,KO,open,50.349998
2020-09-11,KO,open,50.400002
2020-09-14,KO,open,50.970001
2020-09-15,KO,open,51.0
2020-09-16,KO,open,50.950001
2020-09-17,KO,open,50.220001
2020-09-18,KO,open,50.75
2020-09-21,KO,open,49.75
2020-09-22,KO,open,49.110001
2020-09-23,KO,open,49.73
2020-09-24,KO,open,48.209999
2020-09-25,KO,open,48.200001
2020-09-28,KO,open,49.310001
2020-09-29,KO,open,49.389999
2020-09-30,KO,open,49.27
2020-10-01,KO,open,49.439999
2020-10-02,KO,open,48.759998
2020-10-05,KO,open,49.43
2020-10-06,KO,open,49.549999
2020-10-07,KO,open,49.02
2020-10-08,KO,open,49.709999
2020-10-09,KO,open,50.669998
2020-10-12,KO,open,50.84
2020-10-13,KO,open,50.990002
2020-10-14,KO,open,50.049999
2020-10-15,KO,open,49.400002
2020-10-16,KO,open,49.990002
2020-10-19,KO,open,50.029999
2020-10-20,KO,open,49.889999
2020-10-21,KO,open,49.959999
2020-10-22,KO,open,51.169998
2020-10-23,KO,open,51.0
2020-10-26,KO,open,50.34
2020-10-27,KO,open,49.810001
2020-10-28,KO,open,49.0
2020-10-29,KO,open,47.73
2020-10-30,KO,open,47.810001
2020-11-02,KO,open,48.75
2020-11-03,KO,open,49.220001
2020-11-04,KO,open,49.43
2020-11-05,KO,open,49.759998
2020-11-06,KO,open,49.650002
2020-11-09,KO,open,52.5
2020-11-10,KO,open,52.57
2020-11-11,KO,open,53.93
2020-11-12,KO,open,53.049999
2020-11-13,KO,open,53.25
2020-11-16,KO,open,54.5
2020-11-17,KO,open,53.66
2020-11-18,KO,open,53.75
2020-11-19,KO,open,52.490002
2020-11-20,KO,open,53.189999
2020-11-23,KO,open,52.950001
2020-11-24,KO,open,53.139999
2020-11-25,KO,open,53.07
2020-11-27,KO,open,53.110001
2020-11-30,KO,open,52.09
2020-12-01,KO,open,52.139999
2020-12-02,KO,open,51.900002
2020-12-03,KO,open,51.900002
2020-12-04,KO,open,52.779999
2020-12-07,KO,open,53.759998
2020-12-08,KO,open,52.939999
2020-12-09,KO,open,53.369999
2020-12-10,KO,open,53.400002
2020-12-11,KO,open,52.799999
2020-12-14,KO,open,53.650002
2020-12-15,KO,open,53.790001
2020-12-16,KO,open,53.599998
2020-12-17,KO,open,53.299999
2020-12-18,KO,open,53.080002
2020-12-21,KO,open,52.68
2020-12-22,KO,open,52.810001
2020-12-23,KO,open,52.950001
2020-12-24,KO,open,53.02
2020-12-28,KO,open,53.849998
2020-12-29,KO,open,54.450001
2020-12-30,KO,open,54.049999
2020-12-31,KO,open,54.450001
2021-01-04,KO,open,54.27
2021-01-05,KO,open,52.330002
2021-01-06,KO,open,51.970001
2021-01-07,KO,open,50.09
2021-01-08,KO,open,50.029999
2021-01-11,KO,open,50.619999
2021-01-12,KO,open,50.040001
2021-01-13,KO,open,49.98
2021-01-14,KO,open,50.16
2021-01-15,KO,open,49.16
2021-01-19,KO,open,48.740002
2021-01-20,KO,open,48.540001
2021-01-21,KO,open,48.779999
2021-01-22,KO,open,48.810001
2021-01-25,KO,open,48.419998
2020-09-01,TSLA,open,502.140015
2020-09-02,TSLA,open,478.98999
2020-09-03,TSLA,open,407.230011
2020-09-04,TSLA,open,402.809998
2020-09-08,TSLA,open,356.0
2020-09-09,TSLA,open,356.600006
2020-09-10,TSLA,open,386.209991
2020-09-11,TSLA,open,381.940002
2020-09-14,TSLA,open,380.950012
2020-09-15,TSLA,open,436.559998
2020-09-16,TSLA,open,439.869995
2020-09-17,TSLA,open,415.600006
2020-09-18,TSLA,open,447.940002
2020-09-21,TSLA,open,453.130005
2020-09-22,TSLA,open,429.600006
2020-09-23,TSLA,open,405.160004
2020-09-24,TSLA,open,363.799988
2020-09-25,TSLA,open,393.470001
2020-09-28,TSLA,open,424.619995
2020-09-29,TSLA,open,416.0
2020-09-30,TSLA,open,421.320007
2020-10-01,TSLA,open,440.76001
2020-10-02,TSLA,open,421.390015
2020-10-05,TSLA,open,423.350006
2020-10-06,TSLA,open,423.790009
2020-10-07,TSLA,open,419.869995
2020-10-08,TSLA,open,438.440002
2020-10-09,TSLA,open,430.130005
2020-10-12,TSLA,open,442.0
2020-10-13,TSLA,open,443.350006
2020-10-14,TSLA,open,449.779999
2020-10-15,TSLA,open,450.309998
2020-10-16,TSLA,open,454.440002
2020-10-19,TSLA,open,446.23999
2020-10-20,TSLA,open,431.75
2020-10-21,TSLA,open,422.700012
2020-10-22,TSLA,open,441.920013
2020-10-23,TSLA,open,421.839996
2020-10-26,TSLA,open,411.630005
2020-10-27,TSLA,open,423.76001
2020-10-28,TSLA,open,416.480011
2020-10-29,TSLA,open,409.959991
2020-10-30,TSLA,open,406.899994
2020-11-02,TSLA,open,394.0
2020-11-03,TSLA,open,409.730011
2020-11-04,TSLA,open,430.619995
2020-11-05,TSLA,open,428.299988
2020-11-06,TSLA,open,436.100006
2020-11-09,TSLA,open,439.5
2020-11-10,TSLA,open,420.089996
2020-11-11,TSLA,open,416.450012
2020-11-12,TSLA,open,415.049988
2020-11-13,TSLA,open,410.850006
2020-11-16,TSLA,open,408.929993
2020-11-17,TSLA,open,460.170013
2020-11-18,TSLA,open,448.350006
2020-11-19,TSLA,open,492.0
2020-11-20,TSLA,open,497.98999
2020-11-23,TSLA,open,503.5
2020-11-24,TSLA,open,540.400024
2020-11-25,TSLA,open,550.059998
2020-11-27,TSLA,open,581.159973
2020-11-30,TSLA,open,602.210022
2020-12-01,TSLA,open,597.590027
2020-12-02,TSLA,open,556.440002
2020-12-03,TSLA,open,590.02002
2020-12-04,TSLA,open,591.01001
2020-12-07,TSLA,open,604.919983
2020-12-08,TSLA,open,625.51001
2020-12-09,TSLA,open,653.690002
2020-12-10,TSLA,open,574.369995
2020-12-11,TSLA,open,615.01001
2020-12-14,TSLA,open,619.0
2020-12-15,TSLA,open,643.280029
2020-12-16,TSLA,open,628.22998
2020-12-17,TSLA,open,628.190002
2020-12-18,TSLA,open,668.900024
2020-12-21,TSLA,open,666.23999
2020-12-22,TSLA,open,648.0
2020-12-23,TSLA,open,632.200012
2020-12-24,TSLA,open,642.98999
2020-12-28,TSLA,open,674.51001
2020-12-29,TSLA,open,661.0
2020-12-30,TSLA,open,672.0
2020-12-31,TSLA,open,699.98999
2021-01-04,TSLA,open,719.460022
2021-01-05,TSLA,open,723.659973
2021-01-06,TSLA,open,758.48999
2021-01-07,TSLA,open,777.630005
2021-01-08,TSLA,open,856.0
2021-01-11,TSLA,open,849.400024
2021-01-12,TSLA,open,831.0
2021-01-13,TSLA,open,852.76001
2021-01-14,TSLA,open,843.390015
2021-01-15,TSLA,open,852.0
2021-01-19,TSLA,open,837.799988
2021-01-20,TSLA,open,858.73999
2021-01-21,TSLA,open,855.0
2021-01-22,TSLA,open,834.309998
2021-01-25,TSLA,open,855.0
2020-09-01,VZ,open,59.119999
2020-09-02,VZ,open,59.150002
2020-09-03,VZ,open,60.830002
2020-09-04,VZ,open,60.48
2020-09-08,VZ,open,60.799999
2020-09-09,VZ,open,60.119999
2020-09-10,VZ,open,60.23
2020-09-11,VZ,open,59.580002
2020-09-14,VZ,open,60.02
2020-09-15,VZ,open,60.110001
2020-09-16,VZ,open,60.529999
2020-09-17,VZ,open,60.599998
2020-09-18,VZ,open,60.18
2020-09-21,VZ,open,60.0
2020-09-22,VZ,open,59.73
2020-09-23,VZ,open,59.830002
2020-09-24,VZ,open,59.0
2020-09-25,VZ,open,58.849998
2020-09-28,VZ,open,59.560001
2020-09-29,VZ,open,59.279999
2020-09-30,VZ,open,59.459999
2020-10-01,VZ,open,59.400002
2020-10-02,VZ,open,59.290001
2020-10-05,VZ,open,59.630001
2020-10-06,VZ,open,59.759998
2020-10-07,VZ,open,59.619999
2020-10-08,VZ,open,59.119999
2020-10-09,VZ,open,59.25
2020-10-12,VZ,open,59.330002
2020-10-13,VZ,open,59.700001
2020-10-14,VZ,open,59.459999
2020-10-15,VZ,open,58.110001
2020-10-16,VZ,open,58.080002
2020-10-19,VZ,open,58.150002
2020-10-20,VZ,open,57.540001
2020-10-21,VZ,open,57.110001
2020-10-22,VZ,open,56.93
2020-10-23,VZ,open,57.75
2020-10-26,VZ,open,57.52
2020-10-27,VZ,open,57.700001
2020-10-28,VZ,open,56.919998
2020-10-29,VZ,open,56.16
2020-10-30,VZ,open,56.599998
2020-11-02,VZ,open,57.669998
2020-11-03,VZ,open,57.810001
2020-11-04,VZ,open,57.189999
2020-11-05,VZ,open,58.009998
2020-11-06,VZ,open,58.080002
2020-11-09,VZ,open,60.040001
2020-11-10,VZ,open,60.279999
2020-11-11,VZ,open,61.290001
2020-11-12,VZ,open,60.91
2020-11-13,VZ,open,60.630001
2020-11-16,VZ,open,60.810001
2020-11-17,VZ,open,60.560001
2020-11-18,VZ,open,61.130001
2020-11-19,VZ,open,60.400002
2020-11-20,VZ,open,60.209999
2020-11-23,VZ,open,60.009998
2020-11-24,VZ,open,60.599998
2020-11-25,VZ,open,60.669998
2020-11-27,VZ,open,60.52
2020-11-30,VZ,open,60.32
2020-12-01,VZ,open,60.43
2020-12-02,VZ,open,61.400002
2020-12-03,VZ,open,61.110001
2020-12-04,VZ,open,61.549999
2020-12-07,VZ,open,61.52
2020-12-08,VZ,open,61.18
2020-12-09,VZ,open,61.450001
2020-12-10,VZ,open,61.259998
2020-12-11,VZ,open,60.080002
2020-12-14,VZ,open,60.610001
2020-12-15,VZ,open,60.07
2020-12-16,VZ,open,60.200001
2020-12-17,VZ,open,59.98
2020-12-18,VZ,open,60.0
2020-12-21,VZ,open,60.060001
2020-12-22,VZ,open,59.32
2020-12-23,VZ,open,59.200001
2020-12-24,VZ,open,59.0
2020-12-28,VZ,open,59.16
2020-12-29,VZ,open,59.029999
2020-12-30,VZ,open,58.830002
2020-12-31,VZ,open,58.060001
2021-01-04,VZ,open,58.959999
2021-01-05,VZ,open,58.860001
2021-01-06,VZ,open,58.810001
2021-01-07,VZ,open,58.27
2021-01-08,VZ,open,58.23
2021-01-11,VZ,open,57.75
2021-01-12,VZ,open,57.27
2021-01-13,VZ,open,57.220001
2021-01-14,VZ,open,56.889999
2021-01-15,VZ,open,56.779999
2021-01-19,VZ,open,57.439999
2021-01-20,VZ,open,57.009998
2021-01-21,VZ,open,57.189999
2021-01-22,VZ,open,57.169998
2021-01-25,VZ,open,57.470001
2020-09-01,AAPL,close,134.179993
2020-09-02,AAPL,close,131.399994
2020-09-03,AAPL,close,120.879997
2020-09-04,AAPL,close,120.959999
2020-09-08,AAPL,close,112.82
2020-09-09,AAPL,close,117.32
2020-09-10,AAPL,close,113.489998
2020-09-11,AAPL,close,112.0
2020-09-14,AAPL,close,115.360001
2020-09-15,AAPL,close,115.540001
2020-09-16,AAPL,close,112.129997
2020-09-17,AAPL,close,110.339996
2020-09-18,AAPL,close,106.839996
2020-09-21,AAPL,close,110.080002
2020-09-22,AAPL,close,111.809998
2020-09-23,AAPL,close,107.120003
2020-09-24,AAPL,close,108.220001
2020-09-25,AAPL,close,112.279999
2020-09-28,AAPL,close,114.959999
2020-09-29,AAPL,close,114.089996
2020-09-30,AAPL,close,115.809998
2020-10-01,AAPL,close,116.790001
2020-10-02,AAPL,close,113.019997
2020-10-05,AAPL,close,116.5
2020-10-06,AAPL,close,113.160004
2020-10-07,AAPL,close,115.080002
2020-10-08,AAPL,close,114.970001
2020-10-09,AAPL,close,116.970001
2020-10-12,AAPL,close,124.400002
2020-10-13,AAPL,close,121.099998
2020-10-14,AAPL,close,121.190002
2020-10-15,AAPL,close,120.709999
2020-10-16,AAPL,close,119.019997
2020-10-19,AAPL,close,115.980003
2020-10-20,AAPL,close,117.510002
2020-10-21,AAPL,close,116.870003
2020-10-22,AAPL,close,115.75
2020-10-23,AAPL,close,115.040001
2020-10-26,AAPL,close,115.050003
2020-10-27,AAPL,close,116.599998
2020-10-28,AAPL,close,111.199997
2020-10-29,AAPL,close,115.32
2020-10-30,AAPL,close,108.860001
2020-11-02,AAPL,close,108.769997
2020-11-03,AAPL,close,110.440002
2020-11-04,AAPL,close,114.949997
2020-11-05,AAPL,close,119.029999
2020-11-06,AAPL,close,118.690002
2020-11-09,AAPL,close,116.32
2020-11-10,AAPL,close,115.970001
2020-11-11,AAPL,close,119.489998
2020-11-12,AAPL,close,119.209999
2020-11-13,AAPL,close,119.260002
2020-11-16,AAPL,close,120.300003
2020-11-17,AAPL,close,119.389999
2020-11-18,AAPL,close,118.029999
2020-11-19,AAPL,close,118.639999
2020-11-20,AAPL,close,117.339996
2020-11-23,AAPL,close,113.849998
2020-11-24,AAPL,close,115.169998
2020-11-25,AAPL,close,116.029999
2020-11-27,AAPL,close,116.589996
2020-11-30,AAPL,close,119.050003
2020-12-01,AAPL,close,122.720001
2020-12-02,AAPL,close,123.080002
2020-12-03,AAPL,close,122.940002
2020-12-04,AAPL,close,122.25
2020-12-07,AAPL,close,123.75
2020-12-08,AAPL,close,124.379997
2020-12-09,AAPL,close,121.779999
2020-12-10,AAPL,close,123.239998
2020-12-11,AAPL,close,122.410004
2020-12-14,AAPL,close,121.779999
2020-12-15,AAPL,close,127.879997
2020-12-16,AAPL,close,127.809998
2020-12-17,AAPL,close,128.699997
2020-12-18,AAPL,close,126.660004
2020-12-21,AAPL,close,128.229996
2020-12-22,AAPL,close,131.880005
2020-12-23,AAPL,close,130.960007
2020-12-24,AAPL,close,131.970001
2020-12-28,AAPL,close,136.690002
2020-12-29,AAPL,close,134.869995
2020-12-30,AAPL,close,133.720001
2020-12-31,AAPL,close,132.690002
2021-01-04,AAPL,close,129.410004
2021-01-05,AAPL,close,131.009995
2021-01-06,AAPL,close,126.599998
2021-01-07,AAPL,close,130.919998
2021-01-08,AAPL,close,132.050003
2021-01-11,AAPL,close,128.979996
2021-01-12,AAPL,close,128.800003
2021-01-13,AAPL,close,130.889999
2021-01-14,AAPL,close,128.910004
2021-01-15,AAPL,close,127.139999
2021-01-19,AAPL,close,127.830002
2021-01-20,AAPL,close,132.029999
2021-01-21,AAPL,close,136.869995
2021-01-22,AAPL,close,139.070007
2021-01-25,AAPL,close,142.919998
2020-09-01,AMZN,close,3499.120117
2020-09-02,AMZN,close,3531.449951
2020-09-03,AMZN,close,3368.0
2020-09-04,AMZN,close,3294.620117
2020-09-08,AMZN,close,3149.840088
2020-09-09,AMZN,close,3268.610107
2020-09-10,AMZN,close,3175.110107
2020-09-11,AMZN,close,3116.219971
2020-09-14,AMZN,close,3102.969971
2020-09-15,AMZN,close,3156.129883
2020-09-16,AMZN,close,3078.100098
2020-09-17,AMZN,close,3008.72998
2020-09-18,AMZN,close,2954.909912
2020-09-21,AMZN,close,2960.469971
2020-09-22,AMZN,close,3128.98999
2020-09-23,AMZN,close,2999.860107
2020-09-24,AMZN,close,3019.790039
2020-09-25,AMZN,close,3095.129883
2020-09-28,AMZN,close,3174.050049
2020-09-29,AMZN,close,3144.879883
2020-09-30,AMZN,close,3148.72998
2020-10-01,AMZN,close,3221.26001
2020-10-02,AMZN,close,3125.0
2020-10-05,AMZN,close,3199.199951
2020-10-06,AMZN,close,3099.959961
2020-10-07,AMZN,close,3195.689941
2020-10-08,AMZN,close,3190.550049
2020-10-09,AMZN,close,3286.649902
2020-10-12,AMZN,close,3442.929932
2020-10-13,AMZN,close,3443.629883
2020-10-14,AMZN,close,3363.709961
2020-10-15,AMZN,close,3338.649902
2020-10-16,AMZN,close,3272.709961
2020-10-19,AMZN,close,3207.209961
2020-10-20,AMZN,close,3217.01001
2020-10-21,AMZN,close,3184.939941
2020-10-22,AMZN,close,3176.399902
2020-10-23,AMZN,close,3204.399902
2020-10-26,AMZN,close,3207.040039
2020-10-27,AMZN,close,3286.330078
2020-10-28,AMZN,close,3162.780029
2020-10-29,AMZN,close,3211.01001
2020-10-30,AMZN,close,3036.149902
2020-11-02,AMZN,close,3004.47998
2020-11-03,AMZN,close,3048.409912
2020-11-04,AMZN,close,3241.159912
2020-11-05,AMZN,close,3322.0
2020-11-06,AMZN,close,3311.370117
2020-11-09,AMZN,close,3143.73999
2020-11-10,AMZN,close,3035.02002
2020-11-11,AMZN,close,3137.389893
2020-11-12,AMZN,close,3110.280029
2020-11-13,AMZN,close,3128.810059
2020-11-16,AMZN,close,3131.060059
2020-11-17,AMZN,close,3135.659912
2020-11-18,AMZN,close,3105.459961
2020-11-19,AMZN,close,3117.02002
2020-11-20,AMZN,close,3099.399902
2020-11-23,AMZN,close,3098.389893
2020-11-24,AMZN,close,3118.060059
2020-11-25,AMZN,close,3185.070068
2020-11-27,AMZN,close,3195.340088
2020-11-30,AMZN,close,3168.040039
2020-12-01,AMZN,close,3220.080078
2020-12-02,AMZN,close,3203.530029
2020-12-03,AMZN,close,3186.72998
2020-12-04,AMZN,close,3162.580078
2020-12-07,AMZN,close,3158.0
2020-12-08,AMZN,close,3177.290039
2020-12-09,AMZN,close,3104.199951
2020-12-10,AMZN,close,3101.48999
2020-12-11,AMZN,close,3116.419922
2020-12-14,AMZN,close,3156.969971
2020-12-15,AMZN,close,3165.120117
2020-12-16,AMZN,close,3240.959961
2020-12-17,AMZN,close,3236.080078
2020-12-18,AMZN,close,3201.649902
2020-12-21,AMZN,close,3206.179932
2020-12-22,AMZN,close,3206.52002
2020-12-23,AMZN,close,3185.27002
2020-12-24,AMZN,close,3172.689941
2020-12-28,AMZN,close,3283.959961
2020-12-29,AMZN,close,3322.0
2020-12-30,AMZN,close,3285.850098
2020-12-31,AMZN,close,3256.929932
2021-01-04,AMZN,close,3186.629883
2021-01-05,AMZN,close,3218.51001
2021-01-06,AMZN,close,3138.379883
2021-01-07,AMZN,close,3162.159912
2021-01-08,AMZN,close,3182.699951
2021-01-11,AMZN,close,3114.209961
2021-01-12,AMZN,close,3120.830078
2021-01-13,AMZN,close,3165.889893
2021-01-14,AMZN,close,3127.469971
2021-01-15,AMZN,close,3104.25
2021-01-19,AMZN,close,3120.76001
2021-01-20,AMZN,close,3263.379883
2021-01-21,AMZN,close,3306.98999
2021-01-22,AMZN,close,3292.22998
2021-01-25,AMZN,close,3294.0
2020-09-01,GME,close,7.65
2020-09-02,GME,close,7.71
2020-09-03,GME,close,7.82
2020-09-04,GME,close,7.65
2020-09-08,GME,close,7.7
2020-09-09,GME,close,7.35
2020-09-10,GME,close,6.23
2020-09-11,GME,close,6.09
2020-09-14,GME,close,6.91
2020-09-15,GME,close,7.09
2020-09-16,GME,close,8.68
2020-09-17,GME,close,9.2
2020-09-18,GME,close,9.47
2020-09-21,GME,close,8.75
2020-09-22,GME,close,10.56
2020-09-23,GME,close,10.04
2020-09-24,GME,close,9.14
2020-09-25,GME,close,10.02
2020-09-28,GME,close,10.09
2020-09-29,GME,close,10.35
2020-09-30,GME,close,10.2
2020-10-01,GME,close,9.77
2020-10-02,GME,close,9.39
2020-10-05,GME,close,9.46
2020-10-06,GME,close,9.13
2020-10-07,GME,close,9.36
2020-10-08,GME,close,13.49
2020-10-09,GME,close,12.02
2020-10-12,GME,close,11.8
2020-10-13,GME,close,11.88
2020-10-14,GME,close,12.25
2020-10-15,GME,close,13.83
2020-10-16,GME,close,13.31
2020-10-19,GME,close,13.91
2020-10-20,GME,close,13.86
2020-10-21,GME,close,14.1
2020-10-22,GME,close,14.91
2020-10-23,GME,close,15.0
2020-10-26,GME,close,13.45
2020-10-27,GME,close,12.69
2020-10-28,GME,close,11.82
2020-10-29,GME,close,11.73
2020-10-30,GME,close,10.47
2020-11-02,GME,close,10.75
2020-11-03,GME,close,11.57
2020-11-04,GME,close,10.91
2020-11-05,GME,close,11.45
2020-11-06,GME,close,11.86
2020-11-09,GME,close,11.49
2020-11-10,GME,close,11.1
2020-11-11,GME,close,11.75
2020-11-12,GME,close,11.13
2020-11-13,GME,close,11.01
2020-11-16,GME,close,12.06
2020-11-17,GME,close,11.63
2020-11-18,GME,close,11.57
2020-11-19,GME,close,12.46
2020-11-20,GME,close,12.71
2020-11-23,GME,close,13.9
2020-11-24,GME,close,13.67
2020-11-25,GME,close,14.75
2020-11-27,GME,close,16.08
2020-11-30,GME,close,16.559999
2020-12-01,GME,close,15.8
2020-12-02,GME,close,16.58
2020-12-03,GME,close,16.120001
2020-12-04,GME,close,16.9
2020-12-07,GME,close,16.35
2020-12-08,GME,close,16.940001
2020-12-09,GME,close,13.66
2020-12-10,GME,close,14.12
2020-12-11,GME,close,13.31
2020-12-14,GME,close,12.72
2020-12-15,GME,close,13.85
2020-12-16,GME,close,13.85
2020-12-17,GME,close,14.83
2020-12-18,GME,close,15.63
2020-12-21,GME,close,15.53
2020-12-22,GME,close,19.459999
2020-12-23,GME,close,20.57
2020-12-24,GME,close,20.15
2020-12-28,GME,close,20.99
2020-12-29,GME,close,19.379999
2020-12-30,GME,close,19.26
2020-12-31,GME,close,18.84
2021-01-04,GME,close,17.25
2021-01-05,GME,close,17.370001
2021-01-06,GME,close,18.360001
2021-01-07,GME,close,18.08
2021-01-08,GME,close,17.690001
2021-01-11,GME,close,19.940001
2021-01-12,GME,close,19.950001
2021-01-13,GME,close,31.4
2021-01-14,GME,close,39.91
2021-01-15,GME,close,35.5
2021-01-19,GME,close,39.360001
2021-01-20,GME,close,39.119999
2021-01-21,GME,close,43.029999
2021-01-22,GME,close,65.010002
2021-01-25,GME,close,76.790001
2020-09-01,KO,close,49.119999
2020-09-02,KO,close,51.189999
2020-09-03,KO,close,50.48
2020-09-04,KO,close,51.040001
2020-09-08,KO,close,49.810001
2020-09-09,KO,close,50.189999
2020-09-10,KO,close,50.0
2020-09-11,KO,close,51.060001
2020-09-14,KO,close,50.709999
2020-09-15,KO,close,51.049999
2020-09-16,KO,close,50.790001
2020-09-17,KO,close,50.549999
2020-09-18,KO,close,50.450001
2020-09-21,KO,close,49.09
2020-09-22,KO,close,49.66
2020-09-23,KO,close,48.209999
2020-09-24,KO,close,48.700001
2020-09-25,KO,close,48.720001
2020-09-28,KO,close,49.279999
2020-09-29,KO,close,48.919998
2020-09-30,KO,close,49.369999
2020-10-01,KO,close,49.18
2020-10-02,KO,close,49.360001
2020-10-05,KO,close,49.380001
2020-10-06,KO,close,48.939999
2020-10-07,KO,close,49.560001
2020-10-08,KO,close,50.459999
2020-10-09,KO,close,50.810001
2020-10-12,KO,close,51.09
2020-10-13,KO,close,50.220001
2020-10-14,KO,close,50.119999
2020-10-15,KO,close,49.990002
2020-10-16,KO,close,50.029999
2020-10-19,KO,close,49.619999
2020-10-20,KO,close,50.25
2020-10-21,KO,close,49.990002
2020-10-22,KO,close,50.68
2020-10-23,KO,close,50.52
2020-10-26,KO,close,49.799999
2020-10-27,KO,close,49.900002
2020-10-28,KO,close,47.959999
2020-10-29,KO,close,48.02
2020-10-30,KO,close,48.060001
2020-11-02,KO,close,48.619999
2020-11-03,KO,close,49.349998
2020-11-04,KO,close,49.169998
2020-11-05,KO,close,49.439999
2020-11-06,KO,close,49.450001
2020-11-09,KO,close,52.57
2020-11-10,KO,close,53.98
2020-11-11,KO,close,53.580002
2020-11-12,KO,close,53.009998
2020-11-13,KO,close,53.450001
2020-11-16,KO,close,53.849998
2020-11-17,KO,close,53.68
2020-11-18,KO,close,52.610001
2020-11-19,KO,close,53.130001
2020-11-20,KO,close,52.669998
2020-11-23,KO,close,52.68
2020-11-24,KO,close,53.220001
2020-11-25,KO,close,52.93
2020-11-27,KO,close,52.700001
2020-11-30,KO,close,51.599998
2020-12-01,KO,close,52.040001
2020-12-02,KO,close,52.110001
2020-12-03,KO,close,52.779999
2020-12-04,KO,close,53.849998
2020-12-07,KO,close,52.990002
2020-12-08,KO,close,53.18
2020-12-09,KO,close,53.330002
2020-12-10,KO,close,53.049999
2020-12-11,KO,close,53.349998
2020-12-14,KO,close,53.27
2020-12-15,KO,close,53.84
2020-12-16,KO,close,53.060001
2020-12-17,KO,close,53.27
2020-12-18,KO,close,53.740002
2020-12-21,KO,close,52.810001
2020-12-22,KO,close,52.759998
2020-12-23,KO,close,53.080002
2020-12-24,KO,close,53.439999
2020-12-28,KO,close,54.16
2020-12-29,KO,close,54.130001
2020-12-30,KO,close,54.439999
2020-12-31,KO,close,54.84
2021-01-04,KO,close,52.759998
2021-01-05,KO,close,52.18
2021-01-06,KO,close,50.52
2021-01-07,KO,close,49.959999
2021-01-08,KO,close,51.080002
2021-01-11,KO,close,50.200001
2021-01-12,KO,close,50.110001
2021-01-13,KO,close,50.16
2021-01-14,KO,close,49.23
2021-01-15,KO,close,48.700001
2021-01-19,KO,close,48.509998
2021-01-20,KO,close,48.68
2021-01-21,KO,close,48.950001
2021-01-22,KO,close,48.490002
2021-01-25,KO,close,48.779999
2020-09-01,TSLA,close,475.049988
2020-09-02,TSLA,close,447.369995
2020-09-03,TSLA,close,407.0
2020-09-04,TSLA,close,418.320007
2020-09-08,TSLA,close,330.209991
2020-09-09,TSLA,close,366.279999
2020-09-10,TSLA,close,371.339996
2020-09-11,TSLA,close,372.720001
2020-09-14,TSLA,close,419.619995
2020-09-15,TSLA,close,449.76001
2020-09-16,TSLA,close,441.76001
2020-09-17,TSLA,close,423.429993
2020-09-18,TSLA,close,442.149994
2020-09-21,TSLA,close,449.390015
2020-09-22,TSLA,close,424.230011
2020-09-23,TSLA,close,380.359985
2020-09-24,TSLA,close,387.790009
2020-09-25,TSLA,close,407.339996
2020-09-28,TSLA,close,421.200012
2020-09-29,TSLA,close,419.070007
2020-09-30,TSLA,close,429.01001
2020-10-01,TSLA,close,448.160004
2020-10-02,TSLA,close,415.089996
2020-10-05,TSLA,close,425.679993
2020-10-06,TSLA,close,413.980011
2020-10-07,TSLA,close,425.299988
2020-10-08,TSLA,close,425.920013
2020-10-09,TSLA,close,434.0
2020-10-12,TSLA,close,442.299988
2020-10-13,TSLA,close,446.649994
2020-10-14,TSLA,close,461.299988
2020-10-15,TSLA,close,448.880005
2020-10-16,TSLA,close,439.670013
2020-10-19,TSLA,close,430.829987
2020-10-20,TSLA,close,421.940002
2020-10-21,TSLA,close,422.640015
2020-10-22,TSLA,close,425.790009
2020-10-23,TSLA,close,420.630005
2020-10-26,TSLA,close,420.279999
2020-10-27,TSLA,close,424.679993
2020-10-28,TSLA,close,406.019989
2020-10-29,TSLA,close,410.829987
2020-10-30,TSLA,close,388.040009
2020-11-02,TSLA,close,400.51001
2020-11-03,TSLA,close,423.899994
2020-11-04,TSLA,close,420.980011
2020-11-05,TSLA,close,438.089996
2020-11-06,TSLA,close,429.950012
2020-11-09,TSLA,close,421.26001
2020-11-10,TSLA,close,410.359985
2020-11-11,TSLA,close,417.130005
2020-11-12,TSLA,close,411.76001
2020-11-13,TSLA,close,408.5
2020-11-16,TSLA,close,408.089996
2020-11-17,TSLA,close,441.609985
2020-11-18,TSLA,close,486.640015
2020-11-19,TSLA,close,499.269989
2020-11-20,TSLA,close,489.609985
2020-11-23,TSLA,close,521.849976
2020-11-24,TSLA,close,555.380005
2020-11-25,TSLA,close,574.0
2020-11-27,TSLA,close,585.76001
2020-11-30,TSLA,close,567.599976
2020-12-01,TSLA,close,584.76001
2020-12-02,TSLA,close,568.820007
2020-12-03,TSLA,close,593.380005
2020-12-04,TSLA,close,599.039978
2020-12-07,TSLA,close,641.76001
2020-12-08,TSLA,close,649.880005
2020-12-09,TSLA,close,604.47998
2020-12-10,TSLA,close,627.070007
2020-12-11,TSLA,close,609.98999
2020-12-14,TSLA,close,639.830017
2020-12-15,TSLA,close,633.25
2020-12-16,TSLA,close,622.77002
2020-12-17,TSLA,close,655.900024
2020-12-18,TSLA,close,695.0
2020-12-21,TSLA,close,649.859985
2020-12-22,TSLA,close,640.340027
2020-12-23,TSLA,close,645.97998
2020-12-24,TSLA,close,661.77002
2020-12-28,TSLA,close,663.690002
2020-12-29,TSLA,close,665.98999
2020-12-30,TSLA,close,694.780029
2020-12-31,TSLA,close,705.669983
2021-01-04,TSLA,close,729.77002
2021-01-05,TSLA,close,735.109985
2021-01-06,TSLA,close,755.97998
2021-01-07,TSLA,close,816.039978
2021-01-08,TSLA,close,880.02002
2021-01-11,TSLA,close,811.190002
2021-01-12,TSLA,close,849.440002
2021-01-13,TSLA,close,854.409973
2021-01-14,TSLA,close,845.0
2021-01-15,TSLA,close,826.159973
2021-01-19,TSLA,close,844.549988
2021-01-20,TSLA,close,850.450012
2021-01-21,TSLA,close,844.98999
2021-01-22,TSLA,close,846.640015
2021-01-25,TSLA,close,880.799988
2020-09-01,VZ,close,59.16
2020-09-02,VZ,close,60.529999
2020-09-03,VZ,close,60.610001
2020-09-04,VZ,close,60.48
2020-09-08,VZ,close,59.959999
2020-09-09,VZ,close,60.040001
2020-09-10,VZ,close,59.529999
2020-09-11,VZ,close,59.790001
2020-09-14,VZ,close,60.32
2020-09-15,VZ,close,60.599998
2020-09-16,VZ,close,60.369999
2020-09-17,VZ,close,60.59
2020-09-18,VZ,close,60.349998
2020-09-21,VZ,close,59.610001
2020-09-22,VZ,close,59.82
2020-09-23,VZ,close,58.91
2020-09-24,VZ,close,59.189999
2020-09-25,VZ,close,59.389999
2020-09-28,VZ,close,59.360001
2020-09-29,VZ,close,59.240002
2020-09-30,VZ,close,59.490002
2020-10-01,VZ,close,59.450001
2020-10-02,VZ,close,59.240002
2020-10-05,VZ,close,59.66
2020-10-06,VZ,close,59.459999
2020-10-07,VZ,close,59.610001
2020-10-08,VZ,close,59.189999
2020-10-09,VZ,close,59.330002
2020-10-12,VZ,close,59.549999
2020-10-13,VZ,close,59.360001
2020-10-14,VZ,close,58.43
2020-10-15,VZ,close,58.16
2020-10-16,VZ,close,58.049999
2020-10-19,VZ,close,57.299999
2020-10-20,VZ,close,57.25
2020-10-21,VZ,close,56.75
2020-10-22,VZ,close,57.330002
2020-10-23,VZ,close,57.959999
2020-10-26,VZ,close,57.810001
2020-10-27,VZ,close,57.380001
2020-10-28,VZ,close,56.310001
2020-10-29,VZ,close,56.759998
2020-10-30,VZ,close,56.990002
2020-11-02,VZ,close,57.700001
2020-11-03,VZ,close,57.75
2020-11-04,VZ,close,57.220001
2020-11-05,VZ,close,58.150002
2020-11-06,VZ,close,58.529999
2020-11-09,VZ,close,59.84
2020-11-10,VZ,close,61.099998
2020-11-11,VZ,close,61.0
2020-11-12,VZ,close,60.790001
2020-11-13,VZ,close,61.060001
2020-11-16,VZ,close,60.889999
2020-11-17,VZ,close,60.75
2020-11-18,VZ,close,60.32
2020-11-19,VZ,close,60.209999
2020-11-20,VZ,close,60.040001
2020-11-23,VZ,close,60.23
2020-11-24,VZ,close,60.639999
2020-11-25,VZ,close,60.41
2020-11-27,VZ,close,60.580002
2020-11-30,VZ,close,60.41
2020-12-01,VZ,close,60.580002
2020-12-02,VZ,close,61.360001
2020-12-03,VZ,close,61.740002
2020-12-04,VZ,close,61.549999
2020-12-07,VZ,close,61.349998
2020-12-08,VZ,close,61.450001
2020-12-09,VZ,close,61.459999
2020-12-10,VZ,close,60.509998
2020-12-11,VZ,close,60.349998
2020-12-14,VZ,close,59.98
2020-12-15,VZ,close,60.549999
2020-12-16,VZ,close,59.91
2020-12-17,VZ,close,60.009998
2020-12-18,VZ,close,60.459999
2020-12-21,VZ,close,59.490002
2020-12-22,VZ,close,58.990002
2020-12-23,VZ,close,58.959999
2020-12-24,VZ,close,58.84
2020-12-28,VZ,close,58.98
2020-12-29,VZ,close,58.810001
2020-12-30,VZ,close,58.139999
2020-12-31,VZ,close,58.75
2021-01-04,VZ,close,58.849998
2021-01-05,VZ,close,58.580002
2021-01-06,VZ,close,59.290001
2021-01-07,VZ,close,58.529999
2021-01-08,VZ,close,57.799999
2021-01-11,VZ,close,57.459999
2021-01-12,VZ,close,57.259998
2021-01-13,VZ,close,57.060001
2021-01-14,VZ,close,57.040001
2021-01-15,VZ,close,57.380001
2021-01-19,VZ,close,57.049999
2021-01-20,VZ,close,57.259998
2021-01-21,VZ,close,57.27
2021-01-22,VZ,close,57.470001
2021-01-25,VZ,close,58.419998
2020-09-01,AAPL,low,130.529999
2020-09-02,AAPL,low,127.0
2020-09-03,AAPL,low,120.5
2020-09-04,AAPL,low,110.889999
2020-09-08,AAPL,low,112.68
2020-09-09,AAPL,low,115.260002
2020-09-10,AAPL,low,112.5
2020-09-11,AAPL,low,110.0
2020-09-14,AAPL,low,112.800003
2020-09-15,AAPL,low,113.610001
2020-09-16,AAPL,low,112.040001
2020-09-17,AAPL,low,108.709999
2020-09-18,AAPL,low,106.089996
2020-09-21,AAPL,low,103.099998
2020-09-22,AAPL,low,109.160004
2020-09-23,AAPL,low,106.769997
2020-09-24,AAPL,low,105.0
2020-09-25,AAPL,low,107.669998
2020-09-28,AAPL,low,112.779999
2020-09-29,AAPL,low,113.57
2020-09-30,AAPL,low,113.620003
2020-10-01,AAPL,low,115.830002
2020-10-02,AAPL,low,112.220001
2020-10-05,AAPL,low,113.550003
2020-10-06,AAPL,low,112.25
2020-10-07,AAPL,low,114.129997
2020-10-08,AAPL,low,114.589996
2020-10-09,AAPL,low,114.919998
2020-10-12,AAPL,low,119.279999
2020-10-13,AAPL,low,119.650002
2020-10-14,AAPL,low,119.620003
2020-10-15,AAPL,low,118.150002
2020-10-16,AAPL,low,118.809998
2020-10-19,AAPL,low,115.660004
2020-10-20,AAPL,low,115.629997
2020-10-21,AAPL,low,116.449997
2020-10-22,AAPL,low,114.589996
2020-10-23,AAPL,low,114.279999
2020-10-26,AAPL,low,112.879997
2020-10-27,AAPL,low,114.540001
2020-10-28,AAPL,low,111.099998
2020-10-29,AAPL,low,112.199997
2020-10-30,AAPL,low,107.720001
2020-11-02,AAPL,low,107.32
2020-11-03,AAPL,low,108.730003
2020-11-04,AAPL,low,112.349998
2020-11-05,AAPL,low,116.870003
2020-11-06,AAPL,low,116.129997
2020-11-09,AAPL,low,116.050003
2020-11-10,AAPL,low,114.129997
2020-11-11,AAPL,low,116.440002
2020-11-12,AAPL,low,118.57
2020-11-13,AAPL,low,117.870003
2020-11-16,AAPL,low,118.150002
2020-11-17,AAPL,low,118.959999
2020-11-18,AAPL,low,118.0
2020-11-19,AAPL,low,116.809998
2020-11-20,AAPL,low,117.290001
2020-11-23,AAPL,low,113.75
2020-11-24,AAPL,low,112.589996
2020-11-25,AAPL,low,115.169998
2020-11-27,AAPL,low,116.220001
2020-11-30,AAPL,low,116.809998
2020-12-01,AAPL,low,120.010002
2020-12-02,AAPL,low,120.889999
2020-12-03,AAPL,low,122.209999
2020-12-04,AAPL,low,121.519997
2020-12-07,AAPL,low,122.25
2020-12-08,AAPL,low,123.089996
2020-12-09,AAPL,low,121.0
2020-12-10,AAPL,low,120.150002
2020-12-11,AAPL,low,120.550003
2020-12-14,AAPL,low,121.540001
2020-12-15,AAPL,low,124.129997
2020-12-16,AAPL,low,126.559998
2020-12-17,AAPL,low,128.039993
2020-12-18,AAPL,low,126.120003
2020-12-21,AAPL,low,123.449997
2020-12-22,AAPL,low,129.649994
2020-12-23,AAPL,low,130.779999
2020-12-24,AAPL,low,131.100006
2020-12-28,AAPL,low,133.509995
2020-12-29,AAPL,low,134.339996
2020-12-30,AAPL,low,133.399994
2020-12-31,AAPL,low,131.720001
2021-01-04,AAPL,low,126.760002
2021-01-05,AAPL,low,128.429993
2021-01-06,AAPL,low,126.379997
2021-01-07,AAPL,low,127.860001
2021-01-08,AAPL,low,130.229996
2021-01-11,AAPL,low,128.5
2021-01-12,AAPL,low,126.860001
2021-01-13,AAPL,low,128.490005
2021-01-14,AAPL,low,128.759995
2021-01-15,AAPL,low,127.0
2021-01-19,AAPL,low,126.940002
2021-01-20,AAPL,low,128.550003
2021-01-21,AAPL,low,133.589996
2021-01-22,AAPL,low,135.020004
2021-01-25,AAPL,low,136.539993
2020-09-01,AMZN,low,3467.0
2020-09-02,AMZN,low,3486.689941
2020-09-03,AMZN,low,3303.0
2020-09-04,AMZN,low,3111.129883
2020-09-08,AMZN,low,3130.0
2020-09-09,AMZN,low,3185.0
2020-09-10,AMZN,low,3170.550049
2020-09-11,AMZN,low,3083.97998
2020-09-14,AMZN,low,3096.0
2020-09-15,AMZN,low,3108.919922
2020-09-16,AMZN,low,3074.149902
2020-09-17,AMZN,low,2972.550049
2020-09-18,AMZN,low,2905.540039
2020-09-21,AMZN,low,2871.0
2020-09-22,AMZN,low,3000.199951
2020-09-23,AMZN,low,2992.379883
2020-09-24,AMZN,low,2965.0
2020-09-25,AMZN,low,2999.0
2020-09-28,AMZN,low,3117.169922
2020-09-29,AMZN,low,3132.540039
2020-09-30,AMZN,low,3133.98999
2020-10-01,AMZN,low,3172.0
2020-10-02,AMZN,low,3123.0
2020-10-05,AMZN,low,3140.850098
2020-10-06,AMZN,low,3090.0
2020-10-07,AMZN,low,3132.389893
2020-10-08,AMZN,low,3174.98999
2020-10-09,AMZN,low,3197.830078
2020-10-12,AMZN,low,3339.550049
2020-10-13,AMZN,low,3424.219971
2020-10-14,AMZN,low,3340.0
2020-10-15,AMZN,low,3280.0
2020-10-16,AMZN,low,3160.0
2020-10-19,AMZN,low,3192.73999
2020-10-20,AMZN,low,3192.01001
2020-10-21,AMZN,low,3160.0
2020-10-22,AMZN,low,3121.939941
2020-10-23,AMZN,low,3140.0
2020-10-26,AMZN,low,3153.300049
2020-10-27,AMZN,low,3211.300049
2020-10-28,AMZN,low,3162.469971
2020-10-29,AMZN,low,3164.0
2020-10-30,AMZN,low,3019.0
2020-11-02,AMZN,low,2950.120117
2020-11-03,AMZN,low,2980.97998
2020-11-04,AMZN,low,3139.72998
2020-11-05,AMZN,low,3288.879883
2020-11-06,AMZN,low,3232.0
2020-11-09,AMZN,low,3112.110107
2020-11-10,AMZN,low,3019.47998
2020-11-11,AMZN,low,3050.0
2020-11-12,AMZN,low,3086.050049
2020-11-13,AMZN,low,3085.389893
2020-11-16,AMZN,low,3072.689941
2020-11-17,AMZN,low,3135.26001
2020-11-18,AMZN,low,3105.100098
2020-11-19,AMZN,low,3080.919922
2020-11-20,AMZN,low,3098.050049
2020-11-23,AMZN,low,3065.459961
2020-11-24,AMZN,low,3086.26001
2020-11-25,AMZN,low,3140.26001
2020-11-27,AMZN,low,3190.050049
2020-11-30,AMZN,low,3125.550049
2020-12-01,AMZN,low,3157.179932
2020-12-02,AMZN,low,3173.26001
2020-12-03,AMZN,low,3181.310059
2020-12-04,AMZN,low,3158.76001
2020-12-07,AMZN,low,3141.689941
2020-12-08,AMZN,low,3120.02002
2020-12-09,AMZN,low,3088.0
2020-12-10,AMZN,low,3076.0
2020-12-11,AMZN,low,3072.820068
2020-12-14,AMZN,low,3126.0
2020-12-15,AMZN,low,3130.48999
2020-12-16,AMZN,low,3163.679932
2020-12-17,AMZN,low,3221.0
2020-12-18,AMZN,low,3171.600098
2020-12-21,AMZN,low,3166.0
2020-12-22,AMZN,low,3180.080078
2020-12-23,AMZN,low,3184.169922
2020-12-24,AMZN,low,3169.0
2020-12-28,AMZN,low,3172.689941
2020-12-29,AMZN,low,3281.219971
2020-12-30,AMZN,low,3282.469971
2020-12-31,AMZN,low,3241.199951
2021-01-04,AMZN,low,3144.02002
2021-01-05,AMZN,low,3165.060059
2021-01-06,AMZN,low,3131.159912
2021-01-07,AMZN,low,3155.0
2021-01-08,AMZN,low,3142.199951
2021-01-11,AMZN,low,3110.0
2021-01-12,AMZN,low,3086.0
2021-01-13,AMZN,low,3122.080078
2021-01-14,AMZN,low,3120.590088
2021-01-15,AMZN,low,3095.169922
2021-01-19,AMZN,low,3096.0
2021-01-20,AMZN,low,3175.0
2021-01-21,AMZN,low,3289.570068
2021-01-22,AMZN,low,3283.159912
2021-01-25,AMZN,low,3243.149902
2020-09-01,GME,low,6.77
2020-09-02,GME,low,7.11
2020-09-03,GME,low,7.24
2020-09-04,GME,low,7.17
2020-09-08,GME,low,7.48
2020-09-09,GME,low,7.31
2020-09-10,GME,low,6.19
2020-09-11,GME,low,5.87
2020-09-14,GME,low,6.43
2020-09-15,GME,low,6.69
2020-09-16,GME,low,7.03
2020-09-17,GME,low,8.41
2020-09-18,GME,low,8.91
2020-09-21,GME,low,8.38
2020-09-22,GME,low,9.9
2020-09-23,GME,low,9.92
2020-09-24,GME,low,9.01
2020-09-25,GME,low,9.1
2020-09-28,GME,low,9.55
2020-09-29,GME,low,9.93
2020-09-30,GME,low,10.06
2020-10-01,GME,low,9.69
2020-10-02,GME,low,9.3
2020-10-05,GME,low,9.25
2020-10-06,GME,low,9.1
2020-10-07,GME,low,9.17
2020-10-08,GME,low,9.19
2020-10-09,GME,low,11.9
2020-10-12,GME,low,11.4
2020-10-13,GME,low,11.65
2020-10-14,GME,low,12.05
2020-10-15,GME,low,11.99
2020-10-16,GME,low,13.08
2020-10-19,GME,low,13.38
2020-10-20,GME,low,13.67
2020-10-21,GME,low,13.8
2020-10-22,GME,low,14.19
2020-10-23,GME,low,14.55
2020-10-26,GME,low,13.26
2020-10-27,GME,low,12.36
2020-10-28,GME,low,11.78
2020-10-29,GME,low,11.68
2020-10-30,GME,low,10.36
2020-11-02,GME,low,10.5
2020-11-03,GME,low,10.63
2020-11-04,GME,low,10.61
2020-11-05,GME,low,11.06
2020-11-06,GME,low,11.32
2020-11-09,GME,low,11.25
2020-11-10,GME,low,10.83
2020-11-11,GME,low,11.21
2020-11-12,GME,low,10.97
2020-11-13,GME,low,11.0
2020-11-16,GME,low,10.72
2020-11-17,GME,low,11.23
2020-11-18,GME,low,11.56
2020-11-19,GME,low,11.45
2020-11-20,GME,low,12.54
2020-11-23,GME,low,12.67
2020-11-24,GME,low,13.3
2020-11-25,GME,low,13.42
2020-11-27,GME,low,14.88
2020-11-30,GME,low,16.559999
2020-12-01,GME,low,15.76
2020-12-02,GME,low,15.38
2020-12-03,GME,low,15.87
2020-12-04,GME,low,16.26
2020-12-07,GME,low,16.219999
2020-12-08,GME,low,15.93
2020-12-09,GME,low,13.23
2020-12-10,GME,low,13.05
2020-12-11,GME,low,13.02
2020-12-14,GME,low,12.14
2020-12-15,GME,low,12.48
2020-12-16,GME,low,13.58
2020-12-17,GME,low,13.59
2020-12-18,GME,low,15.18
2020-12-21,GME,low,15.28
2020-12-22,GME,low,16.15
2020-12-23,GME,low,19.129999
2020-12-24,GME,low,19.950001
2020-12-28,GME,low,20.35
2020-12-29,GME,low,18.559999
2020-12-30,GME,low,18.85
2020-12-31,GME,low,18.799999
2021-01-04,GME,low,17.15
2021-01-05,GME,low,17.23
2021-01-06,GME,low,17.33
2021-01-07,GME,low,18.02
2021-01-08,GME,low,17.08
2021-01-11,GME,low,19.01
2021-01-12,GME,low,19.32
2021-01-13,GME,low,20.030001
2021-01-14,GME,low,33.049999
2021-01-15,GME,low,34.009998
2021-01-19,GME,low,36.639999
2021-01-20,GME,low,36.060001
2021-01-21,GME,low,37.0
2021-01-22,GME,low,42.32
2021-01-25,GME,low,61.130001
2020-09-01,KO,low,48.830002
2020-09-02,KO,low,49.360001
2020-09-03,KO,low,50.099998
2020-09-04,KO,low,50.279999
2020-09-08,KO,low,49.360001
2020-09-09,KO,low,49.549999
2020-09-10,KO,low,49.950001
2020-09-11,KO,low,50.099998
2020-09-14,KO,low,50.57
2020-09-15,KO,low,50.84
2020-09-16,KO,low,50.740002
2020-09-17,KO,low,49.939999
2020-09-18,KO,low,50.209999
2020-09-21,KO,low,48.610001
2020-09-22,KO,low,49.07
2020-09-23,KO,low,48.169998
2020-09-24,KO,low,47.560001
2020-09-25,KO,low,47.98
2020-09-28,KO,low,49.139999
2020-09-29,KO,low,48.91
2020-09-30,KO,low,48.889999
2020-10-01,KO,low,48.59
2020-10-02,KO,low,48.549999
2020-10-05,KO,low,49.119999
2020-10-06,KO,low,48.830002
2020-10-07,KO,low,48.950001
2020-10-08,KO,low,49.540001
2020-10-09,KO,low,50.599998
2020-10-12,KO,low,50.830002
2020-10-13,KO,low,49.900002
2020-10-14,KO,low,49.650002
2020-10-15,KO,low,49.299999
2020-10-16,KO,low,49.869999
2020-10-19,KO,low,49.459999
2020-10-20,KO,low,49.790001
2020-10-21,KO,low,49.77
2020-10-22,KO,low,50.380001
2020-10-23,KO,low,50.470001
2020-10-26,KO,low,49.200001
2020-10-27,KO,low,49.549999
2020-10-28,KO,low,47.779999
2020-10-29,KO,low,47.299999
2020-10-30,KO,low,47.369999
2020-11-02,KO,low,48.240002
2020-11-03,KO,low,49.0
2020-11-04,KO,low,49.080002
2020-11-05,KO,low,49.34
2020-11-06,KO,low,49.25
2020-11-09,KO,low,52.07
2020-11-10,KO,low,52.450001
2020-11-11,KO,low,53.330002
2020-11-12,KO,low,52.610001
2020-11-13,KO,low,52.889999
2020-11-16,KO,low,53.279999
2020-11-17,KO,low,53.029999
2020-11-18,KO,low,52.560001
2020-11-19,KO,low,51.950001
2020-11-20,KO,low,52.59
2020-11-23,KO,low,52.200001
2020-11-24,KO,low,53.02
2020-11-25,KO,low,52.790001
2020-11-27,KO,low,52.610001
2020-11-30,KO,low,51.080002
2020-12-01,KO,low,51.790001
2020-12-02,KO,low,51.639999
2020-12-03,KO,low,51.900002
2020-12-04,KO,low,52.759998
2020-12-07,KO,low,52.700001
2020-12-08,KO,low,52.790001
2020-12-09,KO,low,53.0
2020-12-10,KO,low,52.98
2020-12-11,KO,low,52.779999
2020-12-14,KO,low,53.18
2020-12-15,KO,low,53.599998
2020-12-16,KO,low,52.939999
2020-12-17,KO,low,53.150002
2020-12-18,KO,low,52.619999
2020-12-21,KO,low,51.98
2020-12-22,KO,low,52.389999
2020-12-23,KO,low,52.939999
2020-12-24,KO,low,53.02
2020-12-28,KO,low,53.73
2020-12-29,KO,low,54.02
2020-12-30,KO,low,54.029999
2020-12-31,KO,low,54.27
2021-01-04,KO,low,52.029999
2021-01-05,KO,low,52.029999
2021-01-06,KO,low,50.189999
2021-01-07,KO,low,49.52
2021-01-08,KO,low,49.84
2021-01-11,KO,low,49.950001
2021-01-12,KO,low,49.759998
2021-01-13,KO,low,49.950001
2021-01-14,KO,low,49.220001
2021-01-15,KO,low,48.529999
2021-01-19,KO,low,48.240002
2021-01-20,KO,low,48.310001
2021-01-21,KO,low,48.459999
2021-01-22,KO,low,48.490002
2021-01-25,KO,low,48.240002
2020-09-01,TSLA,low,470.51001
2020-09-02,TSLA,low,405.119995
2020-09-03,TSLA,low,402.0
2020-09-04,TSLA,low,372.019989
2020-09-08,TSLA,low,329.880005
2020-09-09,TSLA,low,341.51001
2020-09-10,TSLA,low,360.559998
2020-09-11,TSLA,low,360.5
2020-09-14,TSLA,low,373.299988
2020-09-15,TSLA,low,430.700012
2020-09-16,TSLA,low,435.309998
2020-09-17,TSLA,low,408.0
2020-09-18,TSLA,low,428.799988
2020-09-21,TSLA,low,407.070007
2020-09-22,TSLA,low,417.600006
2020-09-23,TSLA,low,375.880005
2020-09-24,TSLA,low,351.299988
2020-09-25,TSLA,low,391.299988
2020-09-28,TSLA,low,415.549988
2020-09-29,TSLA,low,411.600006
2020-09-30,TSLA,low,420.470001
2020-10-01,TSLA,low,434.420013
2020-10-02,TSLA,low,415.0
2020-10-05,TSLA,low,419.329987
2020-10-06,TSLA,low,406.049988
2020-10-07,TSLA,low,413.850006
2020-10-08,TSLA,low,425.299988
2020-10-09,TSLA,low,426.459991
2020-10-12,TSLA,low,438.579987
2020-10-13,TSLA,low,436.600006
2020-10-14,TSLA,low,447.350006
2020-10-15,TSLA,low,442.5
2020-10-16,TSLA,low,438.850006
2020-10-19,TSLA,low,428.869995
2020-10-20,TSLA,low,419.049988
2020-10-21,TSLA,low,421.25
2020-10-22,TSLA,low,424.51001
2020-10-23,TSLA,low,407.380005
2020-10-26,TSLA,low,410.0
2020-10-27,TSLA,low,420.100006
2020-10-28,TSLA,low,406.0
2020-10-29,TSLA,low,406.459991
2020-10-30,TSLA,low,379.109985
2020-11-02,TSLA,low,392.299988
2020-11-03,TSLA,low,406.690002
2020-11-04,TSLA,low,417.100006
2020-11-05,TSLA,low,424.0
2020-11-06,TSLA,low,424.279999
2020-11-09,TSLA,low,421.0
2020-11-10,TSLA,low,396.029999
2020-11-11,TSLA,low,410.579987
2020-11-12,TSLA,low,409.519989
2020-11-13,TSLA,low,401.660004
2020-11-16,TSLA,low,404.089996
2020-11-17,TSLA,low,433.01001
2020-11-18,TSLA,low,443.5
2020-11-19,TSLA,low,487.570007
2020-11-20,TSLA,low,489.059998
2020-11-23,TSLA,low,501.790009
2020-11-24,TSLA,low,526.200012
2020-11-25,TSLA,low,545.369995
2020-11-27,TSLA,low,578.450012
2020-11-30,TSLA,low,554.51001
2020-12-01,TSLA,low,572.049988
2020-12-02,TSLA,low,541.210022
2020-12-03,TSLA,low,582.429993
2020-12-04,TSLA,low,585.5
2020-12-07,TSLA,low,603.049988
2020-12-08,TSLA,low,618.5
2020-12-09,TSLA,low,588.0
2020-12-10,TSLA,low,566.340027
2020-12-11,TSLA,low,596.799988
2020-12-14,TSLA,low,610.200012
2020-12-15,TSLA,low,623.799988
2020-12-16,TSLA,low,605.0
2020-12-17,TSLA,low,619.5
2020-12-18,TSLA,low,628.539978
2020-12-21,TSLA,low,646.070007
2020-12-22,TSLA,low,614.22998
2020-12-23,TSLA,low,622.570007
2020-12-24,TSLA,low,641.0
2020-12-28,TSLA,low,660.799988
2020-12-29,TSLA,low,655.0
2020-12-30,TSLA,low,668.359985
2020-12-31,TSLA,low,691.119995
2021-01-04,TSLA,low,717.190002
2021-01-05,TSLA,low,719.200012
2021-01-06,TSLA,low,749.099976
2021-01-07,TSLA,low,775.200012
2021-01-08,TSLA,low,838.390015
2021-01-11,TSLA,low,803.619995
2021-01-12,TSLA,low,827.340027
2021-01-13,TSLA,low,832.0
2021-01-14,TSLA,low,838.75
2021-01-15,TSLA,low,819.099976
2021-01-19,TSLA,low,833.0
2021-01-20,TSLA,low,837.280029
2021-01-21,TSLA,low,841.419983
2021-01-22,TSLA,low,828.619995
2021-01-25,TSLA,low,838.820007
2020-09-01,VZ,low,58.779999
2020-09-02,VZ,low,59.0
2020-09-03,VZ,low,60.139999
2020-09-04,VZ,low,60.060001
2020-09-08,VZ,low,59.619999
2020-09-09,VZ,low,59.970001
2020-09-10,VZ,low,59.41
2020-09-11,VZ,low,59.360001
2020-09-14,VZ,low,60.0
2020-09-15,VZ,low,60.099998
2020-09-16,VZ,low,60.32
2020-09-17,VZ,low,60.099998
2020-09-18,VZ,low,60.150002
2020-09-21,VZ,low,59.02
2020-09-22,VZ,low,59.52
2020-09-23,VZ,low,58.849998
2020-09-24,VZ,low,58.650002
2020-09-25,VZ,low,58.810001
2020-09-28,VZ,low,59.18
2020-09-29,VZ,low,59.099998
2020-09-30,VZ,low,59.049999
2020-10-01,VZ,low,59.029999
2020-10-02,VZ,low,59.110001
2020-10-05,VZ,low,59.259998
2020-10-06,VZ,low,59.330002
2020-10-07,VZ,low,59.200001
2020-10-08,VZ,low,58.970001
2020-10-09,VZ,low,59.080002
2020-10-12,VZ,low,59.150002
2020-10-13,VZ,low,58.849998
2020-10-14,VZ,low,58.389999
2020-10-15,VZ,low,57.720001
2020-10-16,VZ,low,58.009998
2020-10-19,VZ,low,57.080002
2020-10-20,VZ,low,56.759998
2020-10-21,VZ,low,56.689999
2020-10-22,VZ,low,56.509998
2020-10-23,VZ,low,57.459999
2020-10-26,VZ,low,56.970001
2020-10-27,VZ,low,57.310001
2020-10-28,VZ,low,56.119999
2020-10-29,VZ,low,56.02
2020-10-30,VZ,low,56.369999
2020-11-02,VZ,low,57.0
2020-11-03,VZ,low,57.509998
2020-11-04,VZ,low,56.580002
2020-11-05,VZ,low,57.799999
2020-11-06,VZ,low,58.009998
2020-11-09,VZ,low,59.509998
2020-11-10,VZ,low,60.200001
2020-11-11,VZ,low,60.470001
2020-11-12,VZ,low,60.34
2020-11-13,VZ,low,60.380001
2020-11-16,VZ,low,60.700001
2020-11-17,VZ,low,60.360001
2020-11-18,VZ,low,60.299999
2020-11-19,VZ,low,59.900002
2020-11-20,VZ,low,59.950001
2020-11-23,VZ,low,60.0
2020-11-24,VZ,low,60.360001
2020-11-25,VZ,low,60.330002
2020-11-27,VZ,low,60.41
2020-11-30,VZ,low,60.189999
2020-12-01,VZ,low,60.279999
2020-12-02,VZ,low,61.009998
2020-12-03,VZ,low,61.040001
2020-12-04,VZ,low,61.27
2020-12-07,VZ,low,61.18
2020-12-08,VZ,low,60.880001
2020-12-09,VZ,low,61.09
2020-12-10,VZ,low,60.330002
2020-12-11,VZ,low,59.970001
2020-12-14,VZ,low,59.77
2020-12-15,VZ,low,59.970001
2020-12-16,VZ,low,59.669998
2020-12-17,VZ,low,59.610001
2020-12-18,VZ,low,59.790001
2020-12-21,VZ,low,59.279999
2020-12-22,VZ,low,58.860001
2020-12-23,VZ,low,58.889999
2020-12-24,VZ,low,58.66
2020-12-28,VZ,low,58.650002
2020-12-29,VZ,low,58.639999
2020-12-30,VZ,low,58.060001
2020-12-31,VZ,low,58.02
2021-01-04,VZ,low,58.439999
2021-01-05,VZ,low,58.459999
2021-01-06,VZ,low,58.540001
2021-01-07,VZ,low,58.080002
2021-01-08,VZ,low,57.369999
2021-01-11,VZ,low,57.290001
2021-01-12,VZ,low,56.689999
2021-01-13,VZ,low,56.880001
2021-01-14,VZ,low,56.66
2021-01-15,VZ,low,56.709999
2021-01-19,VZ,low,56.98
2021-01-20,VZ,low,56.66
2021-01-21,VZ,low,57.049999
2021-01-22,VZ,low,56.759998
2021-01-25,VZ,low,57.18
2020-09-01,AAPL,high,134.800003
2020-09-02,AAPL,high,137.979996
2020-09-03,AAPL,high,128.839996
2020-09-04,AAPL,high,123.699997
2020-09-08,AAPL,high,118.989998
2020-09-09,AAPL,high,119.139999
2020-09-10,AAPL,high,120.5
2020-09-11,AAPL,high,115.230003
2020-09-14,AAPL,high,115.93
2020-09-15,AAPL,high,118.830002
2020-09-16,AAPL,high,116.0
2020-09-17,AAPL,high,112.199997
2020-09-18,AAPL,high,110.879997
2020-09-21,AAPL,high,110.190002
2020-09-22,AAPL,high,112.860001
2020-09-23,AAPL,high,112.110001
2020-09-24,AAPL,high,110.25
2020-09-25,AAPL,high,112.440002
2020-09-28,AAPL,high,115.32
2020-09-29,AAPL,high,115.309998
2020-09-30,AAPL,high,117.260002
2020-10-01,AAPL,high,117.720001
2020-10-02,AAPL,high,115.370003
2020-10-05,AAPL,high,116.650002
2020-10-06,AAPL,high,116.120003
2020-10-07,AAPL,high,115.550003
2020-10-08,AAPL,high,116.400002
2020-10-09,AAPL,high,117.0
2020-10-12,AAPL,high,125.18
2020-10-13,AAPL,high,125.389999
2020-10-14,AAPL,high,123.029999
2020-10-15,AAPL,high,121.199997
2020-10-16,AAPL,high,121.550003
2020-10-19,AAPL,high,120.419998
2020-10-20,AAPL,high,118.980003
2020-10-21,AAPL,high,118.709999
2020-10-22,AAPL,high,118.040001
2020-10-23,AAPL,high,116.550003
2020-10-26,AAPL,high,116.550003
2020-10-27,AAPL,high,117.279999
2020-10-28,AAPL,high,115.43
2020-10-29,AAPL,high,116.93
2020-10-30,AAPL,high,111.989998
2020-11-02,AAPL,high,110.68
2020-11-03,AAPL,high,111.489998
2020-11-04,AAPL,high,115.589996
2020-11-05,AAPL,high,119.620003
2020-11-06,AAPL,high,119.199997
2020-11-09,AAPL,high,121.989998
2020-11-10,AAPL,high,117.589996
2020-11-11,AAPL,high,119.629997
2020-11-12,AAPL,high,120.529999
2020-11-13,AAPL,high,119.669998
2020-11-16,AAPL,high,120.989998
2020-11-17,AAPL,high,120.669998
2020-11-18,AAPL,high,119.82
2020-11-19,AAPL,high,119.059998
2020-11-20,AAPL,high,118.769997
2020-11-23,AAPL,high,117.620003
2020-11-24,AAPL,high,115.849998
2020-11-25,AAPL,high,116.75
2020-11-27,AAPL,high,117.489998
2020-11-30,AAPL,high,120.970001
2020-12-01,AAPL,high,123.470001
2020-12-02,AAPL,high,123.370003
2020-12-03,AAPL,high,123.779999
2020-12-04,AAPL,high,122.860001
2020-12-07,AAPL,high,124.57
2020-12-08,AAPL,high,124.980003
2020-12-09,AAPL,high,125.949997
2020-12-10,AAPL,high,123.870003
2020-12-11,AAPL,high,122.760002
2020-12-14,AAPL,high,123.349998
2020-12-15,AAPL,high,127.900002
2020-12-16,AAPL,high,128.369995
2020-12-17,AAPL,high,129.580002
2020-12-18,AAPL,high,129.100006
2020-12-21,AAPL,high,128.309998
2020-12-22,AAPL,high,134.410004
2020-12-23,AAPL,high,132.429993
2020-12-24,AAPL,high,133.460007
2020-12-28,AAPL,high,137.339996
2020-12-29,AAPL,high,138.789993
2020-12-30,AAPL,high,135.990005
2020-12-31,AAPL,high,134.740005
2021-01-04,AAPL,high,133.610001
2021-01-05,AAPL,high,131.740005
2021-01-06,AAPL,high,131.050003
2021-01-07,AAPL,high,131.630005
2021-01-08,AAPL,high,132.630005
2021-01-11,AAPL,high,130.169998
2021-01-12,AAPL,high,129.690002
2021-01-13,AAPL,high,131.449997
2021-01-14,AAPL,high,131.0
2021-01-15,AAPL,high,130.220001
2021-01-19,AAPL,high,128.710007
2021-01-20,AAPL,high,132.490005
2021-01-21,AAPL,high,139.669998
2021-01-22,AAPL,high,139.850006
2021-01-25,AAPL,high,145.089996
2020-09-01,AMZN,high,3513.870117
2020-09-02,AMZN,high,3552.25
2020-09-03,AMZN,high,3488.409912
2020-09-04,AMZN,high,3381.5
2020-09-08,AMZN,high,3250.850098
2020-09-09,AMZN,high,3303.179932
2020-09-10,AMZN,high,3349.889893
2020-09-11,AMZN,high,3217.340088
2020-09-14,AMZN,high,3187.389893
2020-09-15,AMZN,high,3175.02002
2020-09-16,AMZN,high,3187.23999
2020-09-17,AMZN,high,3029.429932
2020-09-18,AMZN,high,3037.800049
2020-09-21,AMZN,high,2962.0
2020-09-22,AMZN,high,3133.98999
2020-09-23,AMZN,high,3127.0
2020-09-24,AMZN,high,3069.300049
2020-09-25,AMZN,high,3101.540039
2020-09-28,AMZN,high,3175.040039
2020-09-29,AMZN,high,3188.26001
2020-09-30,AMZN,high,3212.879883
2020-10-01,AMZN,high,3224.0
2020-10-02,AMZN,high,3195.800049
2020-10-05,AMZN,high,3202.530029
2020-10-06,AMZN,high,3182.0
2020-10-07,AMZN,high,3200.0
2020-10-08,AMZN,high,3233.290039
2020-10-09,AMZN,high,3288.98999
2020-10-12,AMZN,high,3496.23999
2020-10-13,AMZN,high,3492.379883
2020-10-14,AMZN,high,3464.879883
2020-10-15,AMZN,high,3355.879883
2020-10-16,AMZN,high,3399.659912
2020-10-19,AMZN,high,3329.0
2020-10-20,AMZN,high,3266.0
2020-10-21,AMZN,high,3233.879883
2020-10-22,AMZN,high,3198.75
2020-10-23,AMZN,high,3205.330078
2020-10-26,AMZN,high,3282.97998
2020-10-27,AMZN,high,3291.659912
2020-10-28,AMZN,high,3264.02002
2020-10-29,AMZN,high,3257.25
2020-10-30,AMZN,high,3167.0
2020-11-02,AMZN,high,3079.709961
2020-11-03,AMZN,high,3074.899902
2020-11-04,AMZN,high,3244.850098
2020-11-05,AMZN,high,3366.800049
2020-11-06,AMZN,high,3322.0
2020-11-09,AMZN,high,3289.0
2020-11-10,AMZN,high,3114.0
2020-11-11,AMZN,high,3139.149902
2020-11-12,AMZN,high,3175.879883
2020-11-13,AMZN,high,3141.719971
2020-11-16,AMZN,high,3142.699951
2020-11-17,AMZN,high,3189.25
2020-11-18,AMZN,high,3140.0
2020-11-19,AMZN,high,3125.0
2020-11-20,AMZN,high,3132.889893
2020-11-23,AMZN,high,3139.75
2020-11-24,AMZN,high,3134.25
2020-11-25,AMZN,high,3198.0
2020-11-27,AMZN,high,3216.189941
2020-11-30,AMZN,high,3228.389893
2020-12-01,AMZN,high,3248.949951
2020-12-02,AMZN,high,3232.0
2020-12-03,AMZN,high,3228.639893
2020-12-04,AMZN,high,3198.209961
2020-12-07,AMZN,high,3180.76001
2020-12-08,AMZN,high,3184.129883
2020-12-09,AMZN,high,3174.429932
2020-12-10,AMZN,high,3142.100098
2020-12-11,AMZN,high,3118.669922
2020-12-14,AMZN,high,3190.469971
2020-12-15,AMZN,high,3188.5
2020-12-16,AMZN,high,3247.0
2020-12-17,AMZN,high,3263.51001
2020-12-18,AMZN,high,3249.419922
2020-12-21,AMZN,high,3226.969971
2020-12-22,AMZN,high,3222.0
2020-12-23,AMZN,high,3210.129883
2020-12-24,AMZN,high,3202.0
2020-12-28,AMZN,high,3304.0
2020-12-29,AMZN,high,3350.649902
2020-12-30,AMZN,high,3342.100098
2020-12-31,AMZN,high,3282.919922
2021-01-04,AMZN,high,3272.0
2021-01-05,AMZN,high,3223.379883
2021-01-06,AMZN,high,3197.51001
2021-01-07,AMZN,high,3208.540039
2021-01-08,AMZN,high,3190.639893
2021-01-11,AMZN,high,3156.379883
2021-01-12,AMZN,high,3142.139893
2021-01-13,AMZN,high,3189.949951
2021-01-14,AMZN,high,3178.0
2021-01-15,AMZN,high,3142.550049
2021-01-19,AMZN,high,3145.0
2021-01-20,AMZN,high,3279.800049
2021-01-21,AMZN,high,3348.550049
2021-01-22,AMZN,high,3321.909912
2021-01-25,AMZN,high,3363.889893
2020-09-01,GME,high,7.82
2020-09-02,GME,high,8.05
2020-09-03,GME,high,8.45
2020-09-04,GME,high,7.92
2020-09-08,GME,high,8.28
2020-09-09,GME,high,7.99
2020-09-10,GME,high,6.95
2020-09-11,GME,high,6.33
2020-09-14,GME,high,7.0
2020-09-15,GME,high,7.26
2020-09-16,GME,high,9.04
2020-09-17,GME,high,9.77
2020-09-18,GME,high,9.77
2020-09-21,GME,high,9.6
2020-09-22,GME,high,11.17
2020-09-23,GME,high,10.86
2020-09-24,GME,high,9.81
2020-09-25,GME,high,10.18
2020-09-28,GME,high,10.26
2020-09-29,GME,high,10.65
2020-09-30,GME,high,10.76
2020-10-01,GME,high,10.25
2020-10-02,GME,high,9.78
2020-10-05,GME,high,9.59
2020-10-06,GME,high,9.84
2020-10-07,GME,high,9.56
2020-10-08,GME,high,13.64
2020-10-09,GME,high,14.8
2020-10-12,GME,high,12.77
2020-10-13,GME,high,12.42
2020-10-14,GME,high,12.68
2020-10-15,GME,high,15.1
2020-10-16,GME,high,13.9
2020-10-19,GME,high,14.5
2020-10-20,GME,high,14.14
2020-10-21,GME,high,14.42
2020-10-22,GME,high,15.87
2020-10-23,GME,high,15.38
2020-10-26,GME,high,15.45
2020-10-27,GME,high,13.71
2020-10-28,GME,high,13.05
2020-10-29,GME,high,12.25
2020-10-30,GME,high,11.64
2020-11-02,GME,high,11.09
2020-11-03,GME,high,11.86
2020-11-04,GME,high,11.77
2020-11-05,GME,high,11.84
2020-11-06,GME,high,12.17
2020-11-09,GME,high,12.93
2020-11-10,GME,high,11.66
2020-11-11,GME,high,11.95
2020-11-12,GME,high,11.87
2020-11-13,GME,high,11.55
2020-11-16,GME,high,12.66
2020-11-17,GME,high,11.92
2020-11-18,GME,high,12.04
2020-11-19,GME,high,12.79
2020-11-20,GME,high,13.46
2020-11-23,GME,high,14.12
2020-11-24,GME,high,14.26
2020-11-25,GME,high,15.25
2020-11-27,GME,high,16.74
2020-11-30,GME,high,19.42
2020-12-01,GME,high,17.4
2020-12-02,GME,high,16.68
2020-12-03,GME,high,16.639999
2020-12-04,GME,high,17.290001
2020-12-07,GME,high,17.5
2020-12-08,GME,high,17.209999
2020-12-09,GME,high,14.73
2020-12-10,GME,high,14.41
2020-12-11,GME,high,14.0
2020-12-14,GME,high,13.43
2020-12-15,GME,high,14.02
2020-12-16,GME,high,14.31
2020-12-17,GME,high,14.98
2020-12-18,GME,high,16.299999
2020-12-21,GME,high,16.35
2020-12-22,GME,high,20.040001
2020-12-23,GME,high,22.35
2020-12-24,GME,high,21.48
2020-12-28,GME,high,21.969999
2020-12-29,GME,high,21.07
2020-12-30,GME,high,20.0
2020-12-31,GME,high,19.799999
2021-01-04,GME,high,19.1
2021-01-05,GME,high,18.08
2021-01-06,GME,high,18.98
2021-01-07,GME,high,19.450001
2021-01-08,GME,high,18.299999
2021-01-11,GME,high,20.65
2021-01-12,GME,high,20.4
2021-01-13,GME,high,38.650002
2021-01-14,GME,high,43.060001
2021-01-15,GME,high,40.75
2021-01-19,GME,high,45.52
2021-01-20,GME,high,41.189999
2021-01-21,GME,high,44.75
2021-01-22,GME,high,76.760002
2021-01-25,GME,high,159.179993
2020-09-01,KO,high,49.349998
2020-09-02,KO,high,51.360001
2020-09-03,KO,high,52.139999
2020-09-04,KO,high,51.470001
2020-09-08,KO,high,51.040001
2020-09-09,KO,high,50.759998
2020-09-10,KO,high,50.68
2020-09-11,KO,high,51.200001
2020-09-14,KO,high,51.23
2020-09-15,KO,high,51.380001
2020-09-16,KO,high,51.450001
2020-09-17,KO,high,50.630001
2020-09-18,KO,high,51.16
2020-09-21,KO,high,50.02
2020-09-22,KO,high,50.040001
2020-09-23,KO,high,49.919998
2020-09-24,KO,high,49.099998
2020-09-25,KO,high,48.759998
2020-09-28,KO,high,49.709999
2020-09-29,KO,high,49.560001
2020-09-30,KO,high,49.619999
2020-10-01,KO,high,49.66
2020-10-02,KO,high,49.580002
2020-10-05,KO,high,49.549999
2020-10-06,KO,high,49.73
2020-10-07,KO,high,49.759998
2020-10-08,KO,high,50.540001
2020-10-09,KO,high,51.23
2020-10-12,KO,high,51.529999
2020-10-13,KO,high,50.990002
2020-10-14,KO,high,50.490002
2020-10-15,KO,high,50.130001
2020-10-16,KO,high,50.349998
2020-10-19,KO,high,50.48
2020-10-20,KO,high,50.619999
2020-10-21,KO,high,50.43
2020-10-22,KO,high,51.200001
2020-10-23,KO,high,51.18
2020-10-26,KO,high,50.509998
2020-10-27,KO,high,50.290001
2020-10-28,KO,high,49.150002
2020-10-29,KO,high,48.48
2020-10-30,KO,high,48.119999
2020-11-02,KO,high,48.950001
2020-11-03,KO,high,49.959999
2020-11-04,KO,high,50.209999
2020-11-05,KO,high,50.209999
2020-11-06,KO,high,49.990002
2020-11-09,KO,high,53.259998
2020-11-10,KO,high,54.279999
2020-11-11,KO,high,54.299999
2020-11-12,KO,high,53.209999
2020-11-13,KO,high,53.5
2020-11-16,KO,high,54.619999
2020-11-17,KO,high,53.75
2020-11-18,KO,high,54.02
2020-11-19,KO,high,53.23
2020-11-20,KO,high,53.25
2020-11-23,KO,high,53.169998
2020-11-24,KO,high,53.59
2020-11-25,KO,high,53.279999
2020-11-27,KO,high,53.189999
2020-11-30,KO,high,52.189999
2020-12-01,KO,high,52.330002
2020-12-02,KO,high,52.130001
2020-12-03,KO,high,52.939999
2020-12-04,KO,high,53.869999
2020-12-07,KO,high,53.779999
2020-12-08,KO,high,53.48
2020-12-09,KO,high,53.599998
2020-12-10,KO,high,53.509998
2020-12-11,KO,high,53.540001
2020-12-14,KO,high,53.84
2020-12-15,KO,high,54.220001
2020-12-16,KO,high,53.799999
2020-12-17,KO,high,53.709999
2020-12-18,KO,high,53.84
2020-12-21,KO,high,53.0
2020-12-22,KO,high,53.18
2020-12-23,KO,high,53.389999
2020-12-24,KO,high,53.549999
2020-12-28,KO,high,54.439999
2020-12-29,KO,high,54.490002
2020-12-30,KO,high,54.630001
2020-12-31,KO,high,54.93
2021-01-04,KO,high,54.630001
2021-01-05,KO,high,52.619999
2021-01-06,KO,high,52.02
2021-01-07,KO,high,50.259998
2021-01-08,KO,high,51.130001
2021-01-11,KO,high,50.860001
2021-01-12,KO,high,50.369999
2021-01-13,KO,high,50.360001
2021-01-14,KO,high,50.18
2021-01-15,KO,high,49.18
2021-01-19,KO,high,49.040001
2021-01-20,KO,high,48.82
2021-01-21,KO,high,49.09
2021-01-22,KO,high,48.939999
2021-01-25,KO,high,48.84
2020-09-01,TSLA,high,502.48999
2020-09-02,TSLA,high,479.040009
2020-09-03,TSLA,high,431.799988
2020-09-04,TSLA,high,428.0
2020-09-08,TSLA,high,368.73999
2020-09-09,TSLA,high,369.0
2020-09-10,TSLA,high,398.98999
2020-09-11,TSLA,high,382.5
2020-09-14,TSLA,high,420.0
2020-09-15,TSLA,high,461.940002
2020-09-16,TSLA,high,457.790009
2020-09-17,TSLA,high,437.790009
2020-09-18,TSLA,high,451.0
2020-09-21,TSLA,high,455.679993
2020-09-22,TSLA,high,437.76001
2020-09-23,TSLA,high,412.149994
2020-09-24,TSLA,high,399.5
2020-09-25,TSLA,high,408.730011
2020-09-28,TSLA,high,428.079987
2020-09-29,TSLA,high,428.5
2020-09-30,TSLA,high,433.929993
2020-10-01,TSLA,high,448.880005
2020-10-02,TSLA,high,439.130005
2020-10-05,TSLA,high,433.640015
2020-10-06,TSLA,high,428.779999
2020-10-07,TSLA,high,429.899994
2020-10-08,TSLA,high,439.0
2020-10-09,TSLA,high,434.589996
2020-10-12,TSLA,high,448.73999
2020-10-13,TSLA,high,448.890015
2020-10-14,TSLA,high,465.899994
2020-10-15,TSLA,high,456.570007
2020-10-16,TSLA,high,455.950012
2020-10-19,TSLA,high,447.0
2020-10-20,TSLA,high,431.75
2020-10-21,TSLA,high,432.950012
2020-10-22,TSLA,high,445.230011
2020-10-23,TSLA,high,422.890015
2020-10-26,TSLA,high,425.76001
2020-10-27,TSLA,high,430.5
2020-10-28,TSLA,high,418.600006
2020-10-29,TSLA,high,418.059998
2020-10-30,TSLA,high,407.589996
2020-11-02,TSLA,high,406.980011
2020-11-03,TSLA,high,427.769989
2020-11-04,TSLA,high,435.399994
2020-11-05,TSLA,high,440.0
2020-11-06,TSLA,high,436.570007
2020-11-09,TSLA,high,452.5
2020-11-10,TSLA,high,420.089996
2020-11-11,TSLA,high,418.700012
2020-11-12,TSLA,high,423.0
2020-11-13,TSLA,high,412.529999
2020-11-16,TSLA,high,412.450012
2020-11-17,TSLA,high,462.0
2020-11-18,TSLA,high,496.0
2020-11-19,TSLA,high,508.609985
2020-11-20,TSLA,high,502.5
2020-11-23,TSLA,high,526.0
2020-11-24,TSLA,high,559.98999
2020-11-25,TSLA,high,574.0
2020-11-27,TSLA,high,598.780029
2020-11-30,TSLA,high,607.799988
2020-12-01,TSLA,high,597.849976
2020-12-02,TSLA,high,571.539978
2020-12-03,TSLA,high,598.969971
2020-12-04,TSLA,high,599.039978
2020-12-07,TSLA,high,648.789978
2020-12-08,TSLA,high,651.280029
2020-12-09,TSLA,high,654.320007
2020-12-10,TSLA,high,627.75
2020-12-11,TSLA,high,624.0
2020-12-14,TSLA,high,642.75
2020-12-15,TSLA,high,646.900024
2020-12-16,TSLA,high,632.5
2020-12-17,TSLA,high,658.820007
2020-12-18,TSLA,high,695.0
2020-12-21,TSLA,high,668.5
2020-12-22,TSLA,high,649.880005
2020-12-23,TSLA,high,651.5
2020-12-24,TSLA,high,666.090027
2020-12-28,TSLA,high,681.400024
2020-12-29,TSLA,high,669.900024
2020-12-30,TSLA,high,696.599976
2020-12-31,TSLA,high,718.719971
2021-01-04,TSLA,high,744.48999
2021-01-05,TSLA,high,740.840027
2021-01-06,TSLA,high,774.0
2021-01-07,TSLA,high,816.98999
2021-01-08,TSLA,high,884.48999
2021-01-11,TSLA,high,854.429993
2021-01-12,TSLA,high,868.0
2021-01-13,TSLA,high,860.469971
2021-01-14,TSLA,high,863.0
2021-01-15,TSLA,high,859.900024
2021-01-19,TSLA,high,850.0
2021-01-20,TSLA,high,859.5
2021-01-21,TSLA,high,855.719971
2021-01-22,TSLA,high,848.0
2021-01-25,TSLA,high,900.400024
2020-09-01,VZ,high,59.299999
2020-09-02,VZ,high,60.740002
2020-09-03,VZ,high,61.279999
2020-09-04,VZ,high,61.5
2020-09-08,VZ,high,60.799999
2020-09-09,VZ,high,60.75
2020-09-10,VZ,high,60.25
2020-09-11,VZ,high,59.959999
2020-09-14,VZ,high,60.779999
2020-09-15,VZ,high,61.099998
2020-09-16,VZ,high,60.93
2020-09-17,VZ,high,60.990002
2020-09-18,VZ,high,60.939999
2020-09-21,VZ,high,60.080002
2020-09-22,VZ,high,60.369999
2020-09-23,VZ,high,60.139999
2020-09-24,VZ,high,59.560001
2020-09-25,VZ,high,59.450001
2020-09-28,VZ,high,59.799999
2020-09-29,VZ,high,59.490002
2020-09-30,VZ,high,59.709999
2020-10-01,VZ,high,59.599998
2020-10-02,VZ,high,59.549999
2020-10-05,VZ,high,59.84
2020-10-06,VZ,high,59.970001
2020-10-07,VZ,high,59.779999
2020-10-08,VZ,high,59.73
2020-10-09,VZ,high,59.540001
2020-10-12,VZ,high,59.68
2020-10-13,VZ,high,59.720001
2020-10-14,VZ,high,59.52
2020-10-15,VZ,high,58.279999
2020-10-16,VZ,high,58.43
2020-10-19,VZ,high,58.290001
2020-10-20,VZ,high,57.669998
2020-10-21,VZ,high,57.709999
2020-10-22,VZ,high,57.66
2020-10-23,VZ,high,57.970001
2020-10-26,VZ,high,57.849998
2020-10-27,VZ,high,57.849998
2020-10-28,VZ,high,57.349998
2020-10-29,VZ,high,57.310001
2020-10-30,VZ,high,57.07
2020-11-02,VZ,high,58.209999
2020-11-03,VZ,high,58.380001
2020-11-04,VZ,high,57.849998
2020-11-05,VZ,high,58.970001
2020-11-06,VZ,high,58.75
2020-11-09,VZ,high,60.580002
2020-11-10,VZ,high,61.41
2020-11-11,VZ,high,61.349998
2020-11-12,VZ,high,61.009998
2020-11-13,VZ,high,61.189999
2020-11-16,VZ,high,61.459999
2020-11-17,VZ,high,61.02
2020-11-18,VZ,high,61.150002
2020-11-19,VZ,high,60.439999
2020-11-20,VZ,high,60.330002
2020-11-23,VZ,high,60.389999
2020-11-24,VZ,high,60.799999
2020-11-25,VZ,high,60.740002
2020-11-27,VZ,high,60.740002
2020-11-30,VZ,high,60.599998
2020-12-01,VZ,high,60.919998
2020-12-02,VZ,high,61.950001
2020-12-03,VZ,high,61.830002
2020-12-04,VZ,high,61.799999
2020-12-07,VZ,high,61.700001
2020-12-08,VZ,high,61.700001
2020-12-09,VZ,high,61.82
2020-12-10,VZ,high,61.349998
2020-12-11,VZ,high,60.529999
2020-12-14,VZ,high,61.060001
2020-12-15,VZ,high,60.740002
2020-12-16,VZ,high,60.450001
2020-12-17,VZ,high,60.150002
2020-12-18,VZ,high,60.779999
2020-12-21,VZ,high,60.130001
2020-12-22,VZ,high,59.419998
2020-12-23,VZ,high,59.279999
2020-12-24,VZ,high,59.07
2020-12-28,VZ,high,59.18
2020-12-29,VZ,high,59.240002
2020-12-30,VZ,high,58.939999
2020-12-31,VZ,high,58.799999
2021-01-04,VZ,high,59.150002
2021-01-05,VZ,high,59.09
2021-01-06,VZ,high,59.540001
2021-01-07,VZ,high,58.759998
2021-01-08,VZ,high,58.360001
2021-01-11,VZ,high,58.049999
2021-01-12,VZ,high,57.450001
2021-01-13,VZ,high,57.25
2021-01-14,VZ,high,57.43
2021-01-15,VZ,high,57.5
2021-01-19,VZ,high,57.580002
2021-01-20,VZ,high,57.389999
2021-01-21,VZ,high,57.509998
2021-01-22,VZ,high,57.689999
2021-01-25,VZ,high,58.619999
