company_id,price_type_id,date_dt,value,id
1,4,2020-09-01,132.759995,1
1,4,2020-09-02,137.58999599999999,2
1,4,2020-09-03,126.910004,3
1,4,2020-09-04,120.07,4
1,4,2020-09-08,113.949997,5
1,4,2020-09-09,117.260002,6
1,4,2020-09-10,120.360001,7
1,4,2020-09-11,114.57,8
1,4,2020-09-14,114.720001,9
1,4,2020-09-15,118.33000200000001,10
1,4,2020-09-16,115.230003,11
1,4,2020-09-17,109.720001,12
1,4,2020-09-18,110.400002,13
1,4,2020-09-21,104.540001,14
1,4,2020-09-22,112.68,15
1,4,2020-09-23,111.620003,16
1,4,2020-09-24,105.16999799999999,17
1,4,2020-09-25,108.43,18
1,4,2020-09-28,115.010002,19
1,4,2020-09-29,114.550003,20
1,4,2020-09-30,113.790001,21
1,4,2020-10-01,117.639999,22
1,4,2020-10-02,112.889999,23
1,4,2020-10-05,113.910004,24
1,4,2020-10-06,115.699997,25
1,4,2020-10-07,114.620003,26
1,4,2020-10-08,116.25,27
1,4,2020-10-09,115.279999,28
1,4,2020-10-12,120.059998,29
1,4,2020-10-13,125.269997,30
1,4,2020-10-14,121.0,31
1,4,2020-10-15,118.720001,32
1,4,2020-10-16,121.279999,33
1,4,2020-10-19,119.959999,34
1,4,2020-10-20,116.199997,35
1,4,2020-10-21,116.66999799999999,36
1,4,2020-10-22,117.449997,37
1,4,2020-10-23,116.389999,38
1,4,2020-10-26,114.010002,39
1,4,2020-10-27,115.489998,40
1,4,2020-10-28,115.050003,41
1,4,2020-10-29,112.370003,42
1,4,2020-10-30,111.059998,43
1,4,2020-11-02,109.110001,44
1,4,2020-11-03,109.660004,45
1,4,2020-11-04,114.139999,46
1,4,2020-11-05,117.949997,47
1,4,2020-11-06,118.32,48
1,4,2020-11-09,120.5,49
1,4,2020-11-10,115.550003,50
1,4,2020-11-11,117.190002,51
1,4,2020-11-12,119.620003,52
1,4,2020-11-13,119.440002,53
1,4,2020-11-16,118.91999799999999,54
1,4,2020-11-17,119.550003,55
1,4,2020-11-18,118.610001,56
1,4,2020-11-19,117.589996,57
1,4,2020-11-20,118.639999,58
1,4,2020-11-23,117.18,59
1,4,2020-11-24,113.910004,60
1,4,2020-11-25,115.550003,61
1,4,2020-11-27,116.57,62
1,4,2020-11-30,116.970001,63
1,4,2020-12-01,121.010002,64
1,4,2020-12-02,122.019997,65
1,4,2020-12-03,123.519997,66
1,4,2020-12-04,122.599998,67
1,4,2020-12-07,122.309998,68
1,4,2020-12-08,124.370003,69
1,4,2020-12-09,124.529999,70
1,4,2020-12-10,120.5,71
1,4,2020-12-11,122.43,72
1,4,2020-12-14,122.599998,73
1,4,2020-12-15,124.339996,74
1,4,2020-12-16,127.410004,75
1,4,2020-12-17,128.899994,76
1,4,2020-12-18,128.96000700000002,77
1,4,2020-12-21,125.019997,78
1,4,2020-12-22,131.610001,79
1,4,2020-12-23,132.16000400000001,80
1,4,2020-12-24,131.320007,81
1,4,2020-12-28,133.990005,82
1,4,2020-12-29,138.050003,83
1,4,2020-12-30,135.580002,84
1,4,2020-12-31,134.080002,85
1,4,2021-01-04,133.520004,86
1,4,2021-01-05,128.889999,87
1,4,2021-01-06,127.720001,88
1,4,2021-01-07,128.360001,89
1,4,2021-01-08,132.429993,90
1,4,2021-01-11,129.190002,91
1,4,2021-01-12,128.5,92
1,4,2021-01-13,128.759995,93
1,4,2021-01-14,130.800003,94
1,4,2021-01-15,128.779999,95
1,4,2021-01-19,127.779999,96
1,4,2021-01-20,128.66000400000001,97
1,4,2021-01-21,133.800003,98
1,4,2021-01-22,136.279999,99
1,4,2021-01-25,143.070007,100
2,4,2020-09-01,3489.580078,101
2,4,2020-09-02,3547.0,102
2,4,2020-09-03,3485.0,103
2,4,2020-09-04,3318.0,104
2,4,2020-09-08,3144.0,105
2,4,2020-09-09,3202.98999,106
2,4,2020-09-10,3307.219971,107
2,4,2020-09-11,3208.689941,108
2,4,2020-09-14,3172.939941,109
2,4,2020-09-15,3136.159912,110
2,4,2020-09-16,3179.98999,111
2,4,2020-09-17,3009.25,112
2,4,2020-09-18,3031.73999,113
2,4,2020-09-21,2906.5,114
2,4,2020-09-22,3033.840088,115
2,4,2020-09-23,3120.429932,116
2,4,2020-09-24,2977.790039,117
2,4,2020-09-25,3054.860107,118
2,4,2020-09-28,3148.850098,119
2,4,2020-09-29,3175.389893,120
2,4,2020-09-30,3141.139893,121
2,4,2020-10-01,3208.0,122
2,4,2020-10-02,3153.6298829999996,123
2,4,2020-10-05,3145.840088,124
2,4,2020-10-06,3165.0,125
2,4,2020-10-07,3135.0,126
2,4,2020-10-08,3224.98999,127
2,4,2020-10-09,3210.0,128
2,4,2020-10-12,3349.939941,129
2,4,2020-10-13,3467.98999,130
2,4,2020-10-14,3447.0,131
2,4,2020-10-15,3292.01001,132
2,4,2020-10-16,3363.2299799999996,133
2,4,2020-10-19,3299.610107,134
2,4,2020-10-20,3222.280029,135
2,4,2020-10-21,3212.5,136
2,4,2020-10-22,3189.8701170000004,137
2,4,2020-10-23,3191.0,138
2,4,2020-10-26,3198.73999,139
2,4,2020-10-27,3224.939941,140
2,4,2020-10-28,3249.300049,141
2,4,2020-10-29,3201.27002,142
2,4,2020-10-30,3157.75,143
2,4,2020-11-02,3061.73999,144
2,4,2020-11-03,3018.530029,145
2,4,2020-11-04,3159.98999,146
2,4,2020-11-05,3319.969971,147
2,4,2020-11-06,3304.639893,148
2,4,2020-11-09,3231.030029,149
2,4,2020-11-10,3095.02002,150
2,4,2020-11-11,3061.780029,151
2,4,2020-11-12,3159.949951,152
2,4,2020-11-13,3122.0,153
2,4,2020-11-16,3093.199951,154
2,4,2020-11-17,3183.540039,155
2,4,2020-11-18,3134.0,156
2,4,2020-11-19,3105.310059,157
2,4,2020-11-20,3117.02002,158
2,4,2020-11-23,3116.699951,159
2,4,2020-11-24,3100.5,160
2,4,2020-11-25,3141.8701170000004,161
2,4,2020-11-27,3211.26001,162
2,4,2020-11-30,3208.47998,163
2,4,2020-12-01,3188.5,164
2,4,2020-12-02,3221.649902,165
2,4,2020-12-03,3205.459961,166
2,4,2020-12-04,3198.209961,167
2,4,2020-12-07,3156.47998,168
2,4,2020-12-08,3158.899902,169
2,4,2020-12-09,3167.889893,170
2,4,2020-12-10,3088.98999,171
2,4,2020-12-11,3096.659912,172
2,4,2020-12-14,3143.0,173
2,4,2020-12-15,3181.01001,174
2,4,2020-12-16,3176.01001,175
2,4,2020-12-17,3250.0,176
2,4,2020-12-18,3243.98999,177
2,4,2020-12-21,3200.01001,178
2,4,2020-12-22,3202.840088,179
2,4,2020-12-23,3205.0,180
2,4,2020-12-24,3193.899902,181
2,4,2020-12-28,3194.0,182
2,4,2020-12-29,3309.939941,183
2,4,2020-12-30,3341.0,184
2,4,2020-12-31,3275.0,185
2,4,2021-01-04,3270.0,186
2,4,2021-01-05,3166.01001,187
2,4,2021-01-06,3146.47998,188
2,4,2021-01-07,3157.0,189
2,4,2021-01-08,3180.0,190
2,4,2021-01-11,3148.01001,191
2,4,2021-01-12,3120.0,192
2,4,2021-01-13,3128.439941,193
2,4,2021-01-14,3167.52002,194
2,4,2021-01-15,3123.02002,195
2,4,2021-01-19,3107.0,196
2,4,2021-01-20,3181.98999,197
2,4,2021-01-21,3293.0,198
2,4,2021-01-22,3304.310059,199
2,4,2021-01-25,3328.5,200
3,4,2020-09-01,7.3,201
3,4,2020-09-02,7.8,202
3,4,2020-09-03,7.88,203
3,4,2020-09-04,7.78,204
3,4,2020-09-08,7.55,205
3,4,2020-09-09,7.96,206
3,4,2020-09-10,6.65,207
3,4,2020-09-11,6.26,208
3,4,2020-09-14,6.8,209
3,4,2020-09-15,6.86,210
3,4,2020-09-16,7.03,211
3,4,2020-09-17,8.57,212
3,4,2020-09-18,9.2,213
3,4,2020-09-21,9.35,214
3,4,2020-09-22,10.45,215
3,4,2020-09-23,10.6,216
3,4,2020-09-24,9.71,217
3,4,2020-09-25,9.19,218
3,4,2020-09-28,10.16,219
3,4,2020-09-29,10.0,220
3,4,2020-09-30,10.25,221
3,4,2020-10-01,10.09,222
3,4,2020-10-02,9.38,223
3,4,2020-10-05,9.44,224
3,4,2020-10-06,9.56,225
3,4,2020-10-07,9.23,226
3,4,2020-10-08,9.54,227
3,4,2020-10-09,12.83,228
3,4,2020-10-12,11.66,229
3,4,2020-10-13,11.73,230
3,4,2020-10-14,12.67,231
3,4,2020-10-15,11.99,232
3,4,2020-10-16,13.77,233
3,4,2020-10-19,13.44,234
3,4,2020-10-20,14.03,235
3,4,2020-10-21,13.9,236
3,4,2020-10-22,14.2,237
3,4,2020-10-23,15.05,238
3,4,2020-10-26,14.93,239
3,4,2020-10-27,13.71,240
3,4,2020-10-28,12.27,241
3,4,2020-10-29,11.88,242
3,4,2020-10-30,11.64,243
3,4,2020-11-02,10.82,244
3,4,2020-11-03,10.75,245
3,4,2020-11-04,11.76,246
3,4,2020-11-05,11.27,247
3,4,2020-11-06,11.52,248
3,4,2020-11-09,12.76,249
3,4,2020-11-10,11.5,250
3,4,2020-11-11,11.5,251
3,4,2020-11-12,11.74,252
3,4,2020-11-13,11.36,253
3,4,2020-11-16,11.16,254
3,4,2020-11-17,11.65,255
3,4,2020-11-18,11.8,256
3,4,2020-11-19,11.6,257
3,4,2020-11-20,12.55,258
3,4,2020-11-23,12.9,259
3,4,2020-11-24,14.23,260
3,4,2020-11-25,13.6,261
3,4,2020-11-27,15.29,262
3,4,2020-11-30,18.17,263
3,4,2020-12-01,17.110001,264
3,4,2020-12-02,15.7,265
3,4,2020-12-03,16.48,266
3,4,2020-12-04,16.299999,267
3,4,2020-12-07,17.0,268
3,4,2020-12-08,16.370001000000002,269
3,4,2020-12-09,13.92,270
3,4,2020-12-10,13.12,271
3,4,2020-12-11,13.91,272
3,4,2020-12-14,13.34,273
3,4,2020-12-15,12.78,274
3,4,2020-12-16,13.96,275
3,4,2020-12-17,13.96,276
3,4,2020-12-18,15.78,277
3,4,2020-12-21,15.81,278
3,4,2020-12-22,16.219998999999998,279
3,4,2020-12-23,20.17,280
3,4,2020-12-24,21.01,281
3,4,2020-12-28,21.309998999999998,282
3,4,2020-12-29,20.82,283
3,4,2020-12-30,19.379998999999998,284
3,4,2020-12-31,19.25,285
3,4,2021-01-04,19.0,286
3,4,2021-01-05,17.35,287
3,4,2021-01-06,17.34,288
3,4,2021-01-07,18.469998999999998,289
3,4,2021-01-08,18.18,290
3,4,2021-01-11,19.41,291
3,4,2021-01-12,19.959999,292
3,4,2021-01-13,20.42,293
3,4,2021-01-14,38.09,294
3,4,2021-01-15,38.490002000000004,295
3,4,2021-01-19,41.549999,296
3,4,2021-01-20,37.369999,297
3,4,2021-01-21,39.23,298
3,4,2021-01-22,42.59,299
3,4,2021-01-25,96.730003,300
4,4,2020-09-01,49.310001,301
4,4,2020-09-02,49.360001000000004,302
4,4,2020-09-03,51.400002,303
4,4,2020-09-04,50.939999,304
4,4,2020-09-08,50.93,305
4,4,2020-09-09,49.599998,306
4,4,2020-09-10,50.349998,307
4,4,2020-09-11,50.400002,308
4,4,2020-09-14,50.970001,309
4,4,2020-09-15,51.0,310
4,4,2020-09-16,50.950001,311
4,4,2020-09-17,50.220001,312
4,4,2020-09-18,50.75,313
4,4,2020-09-21,49.75,314
4,4,2020-09-22,49.110001000000004,315
4,4,2020-09-23,49.73,316
4,4,2020-09-24,48.209998999999996,317
4,4,2020-09-25,48.200001,318
4,4,2020-09-28,49.310001,319
4,4,2020-09-29,49.389998999999996,320
4,4,2020-09-30,49.27,321
4,4,2020-10-01,49.439999,322
4,4,2020-10-02,48.759997999999996,323
4,4,2020-10-05,49.43,324
4,4,2020-10-06,49.549999,325
4,4,2020-10-07,49.02,326
4,4,2020-10-08,49.709998999999996,327
4,4,2020-10-09,50.669998,328
4,4,2020-10-12,50.84,329
4,4,2020-10-13,50.990002000000004,330
4,4,2020-10-14,50.049999,331
4,4,2020-10-15,49.400002,332
4,4,2020-10-16,49.990002000000004,333
4,4,2020-10-19,50.029999,334
4,4,2020-10-20,49.889998999999996,335
4,4,2020-10-21,49.959998999999996,336
4,4,2020-10-22,51.169998,337
4,4,2020-10-23,51.0,338
4,4,2020-10-26,50.34,339
4,4,2020-10-27,49.810001,340
4,4,2020-10-28,49.0,341
4,4,2020-10-29,47.73,342
4,4,2020-10-30,47.810001,343
4,4,2020-11-02,48.75,344
4,4,2020-11-03,49.220001,345
4,4,2020-11-04,49.43,346
4,4,2020-11-05,49.759997999999996,347
4,4,2020-11-06,49.650002,348
4,4,2020-11-09,52.5,349
4,4,2020-11-10,52.57,350
4,4,2020-11-11,53.93,351
4,4,2020-11-12,53.049999,352
4,4,2020-11-13,53.25,353
4,4,2020-11-16,54.5,354
4,4,2020-11-17,53.66,355
4,4,2020-11-18,53.75,356
4,4,2020-11-19,52.490002000000004,357
4,4,2020-11-20,53.189999,358
4,4,2020-11-23,52.950001,359
4,4,2020-11-24,53.139998999999996,360
4,4,2020-11-25,53.07,361
4,4,2020-11-27,53.110001000000004,362
4,4,2020-11-30,52.09,363
4,4,2020-12-01,52.139998999999996,364
4,4,2020-12-02,51.900002,365
4,4,2020-12-03,51.900002,366
4,4,2020-12-04,52.779999,367
4,4,2020-12-07,53.759997999999996,368
4,4,2020-12-08,52.939999,369
4,4,2020-12-09,53.369999,370
4,4,2020-12-10,53.400002,371
4,4,2020-12-11,52.799999,372
4,4,2020-12-14,53.650002,373
4,4,2020-12-15,53.790001000000004,374
4,4,2020-12-16,53.599998,375
4,4,2020-12-17,53.299999,376
4,4,2020-12-18,53.080002,377
4,4,2020-12-21,52.68,378
4,4,2020-12-22,52.810001,379
4,4,2020-12-23,52.950001,380
4,4,2020-12-24,53.02,381
4,4,2020-12-28,53.849998,382
4,4,2020-12-29,54.450001,383
4,4,2020-12-30,54.049999,384
4,4,2020-12-31,54.450001,385
4,4,2021-01-04,54.27,386
4,4,2021-01-05,52.330002,387
4,4,2021-01-06,51.970001,388
4,4,2021-01-07,50.09,389
4,4,2021-01-08,50.029999,390
4,4,2021-01-11,50.619999,391
4,4,2021-01-12,50.040001000000004,392
4,4,2021-01-13,49.98,393
4,4,2021-01-14,50.16,394
4,4,2021-01-15,49.16,395
4,4,2021-01-19,48.740002000000004,396
4,4,2021-01-20,48.540001000000004,397
4,4,2021-01-21,48.779999,398
4,4,2021-01-22,48.810001,399
4,4,2021-01-25,48.419998,400
5,4,2020-09-01,502.14001500000006,401
5,4,2020-09-02,478.98999000000003,402
5,4,2020-09-03,407.230011,403
5,4,2020-09-04,402.809998,404
5,4,2020-09-08,356.0,405
5,4,2020-09-09,356.600006,406
5,4,2020-09-10,386.209991,407
5,4,2020-09-11,381.940002,408
5,4,2020-09-14,380.950012,409
5,4,2020-09-15,436.55999800000006,410
5,4,2020-09-16,439.869995,411
5,4,2020-09-17,415.600006,412
5,4,2020-09-18,447.94000199999994,413
5,4,2020-09-21,453.130005,414
5,4,2020-09-22,429.60000599999995,415
5,4,2020-09-23,405.160004,416
5,4,2020-09-24,363.799988,417
5,4,2020-09-25,393.47000099999997,418
5,4,2020-09-28,424.619995,419
5,4,2020-09-29,416.0,420
5,4,2020-09-30,421.32000700000003,421
5,4,2020-10-01,440.76000999999997,422
5,4,2020-10-02,421.39001500000006,423
5,4,2020-10-05,423.35000599999995,424
5,4,2020-10-06,423.790009,425
5,4,2020-10-07,419.869995,426
5,4,2020-10-08,438.44000199999994,427
5,4,2020-10-09,430.130005,428
5,4,2020-10-12,442.0,429
5,4,2020-10-13,443.35000599999995,430
5,4,2020-10-14,449.77999900000003,431
5,4,2020-10-15,450.30999800000006,432
5,4,2020-10-16,454.44000199999994,433
5,4,2020-10-19,446.23999000000003,434
5,4,2020-10-20,431.75,435
5,4,2020-10-21,422.700012,436
5,4,2020-10-22,441.920013,437
5,4,2020-10-23,421.839996,438
5,4,2020-10-26,411.630005,439
5,4,2020-10-27,423.76000999999997,440
5,4,2020-10-28,416.480011,441
5,4,2020-10-29,409.959991,442
5,4,2020-10-30,406.899994,443
5,4,2020-11-02,394.0,444
5,4,2020-11-03,409.730011,445
5,4,2020-11-04,430.619995,446
5,4,2020-11-05,428.299988,447
5,4,2020-11-06,436.10000599999995,448
5,4,2020-11-09,439.5,449
5,4,2020-11-10,420.089996,450
5,4,2020-11-11,416.450012,451
5,4,2020-11-12,415.049988,452
5,4,2020-11-13,410.850006,453
5,4,2020-11-16,408.929993,454
5,4,2020-11-17,460.170013,455
5,4,2020-11-18,448.35000599999995,456
5,4,2020-11-19,492.0,457
5,4,2020-11-20,497.98999000000003,458
5,4,2020-11-23,503.5,459
5,4,2020-11-24,540.400024,460
5,4,2020-11-25,550.0599980000001,461
5,4,2020-11-27,581.159973,462
5,4,2020-11-30,602.210022,463
5,4,2020-12-01,597.590027,464
5,4,2020-12-02,556.4400019999999,465
5,4,2020-12-03,590.02002,466
5,4,2020-12-04,591.01001,467
5,4,2020-12-07,604.919983,468
5,4,2020-12-08,625.51001,469
5,4,2020-12-09,653.6900019999999,470
5,4,2020-12-10,574.369995,471
5,4,2020-12-11,615.01001,472
5,4,2020-12-14,619.0,473
5,4,2020-12-15,643.280029,474
5,4,2020-12-16,628.22998,475
5,4,2020-12-17,628.1900019999999,476
5,4,2020-12-18,668.900024,477
5,4,2020-12-21,666.23999,478
5,4,2020-12-22,648.0,479
5,4,2020-12-23,632.200012,480
5,4,2020-12-24,642.98999,481
5,4,2020-12-28,674.51001,482
5,4,2020-12-29,661.0,483
5,4,2020-12-30,672.0,484
5,4,2020-12-31,699.98999,485
5,4,2021-01-04,719.460022,486
5,4,2021-01-05,723.659973,487
5,4,2021-01-06,758.48999,488
5,4,2021-01-07,777.630005,489
5,4,2021-01-08,856.0,490
5,4,2021-01-11,849.400024,491
5,4,2021-01-12,831.0,492
5,4,2021-01-13,852.76001,493
5,4,2021-01-14,843.3900150000001,494
5,4,2021-01-15,852.0,495
5,4,2021-01-19,837.799988,496
5,4,2021-01-20,858.73999,497
5,4,2021-01-21,855.0,498
5,4,2021-01-22,834.3099980000001,499
5,4,2021-01-25,855.0,500
6,4,2020-09-01,59.119999,501
6,4,2020-09-02,59.150002,502
6,4,2020-09-03,60.830002,503
6,4,2020-09-04,60.48,504
6,4,2020-09-08,60.799999,505
6,4,2020-09-09,60.119999,506
6,4,2020-09-10,60.23,507
6,4,2020-09-11,59.580002,508
6,4,2020-09-14,60.02,509
6,4,2020-09-15,60.110001000000004,510
6,4,2020-09-16,60.529999,511
6,4,2020-09-17,60.599998,512
6,4,2020-09-18,60.18,513
6,4,2020-09-21,60.0,514
6,4,2020-09-22,59.73,515
6,4,2020-09-23,59.830002,516
6,4,2020-09-24,59.0,517
6,4,2020-09-25,58.849998,518
6,4,2020-09-28,59.560001,519
6,4,2020-09-29,59.279999,520
6,4,2020-09-30,59.459998999999996,521
6,4,2020-10-01,59.400002,522
6,4,2020-10-02,59.290001000000004,523
6,4,2020-10-05,59.630001,524
6,4,2020-10-06,59.759997999999996,525
6,4,2020-10-07,59.619999,526
6,4,2020-10-08,59.119999,527
6,4,2020-10-09,59.25,528
6,4,2020-10-12,59.330002,529
6,4,2020-10-13,59.700001,530
6,4,2020-10-14,59.459998999999996,531
6,4,2020-10-15,58.110001000000004,532
6,4,2020-10-16,58.080002,533
6,4,2020-10-19,58.150002,534
6,4,2020-10-20,57.540001000000004,535
6,4,2020-10-21,57.110001000000004,536
6,4,2020-10-22,56.93,537
6,4,2020-10-23,57.75,538
6,4,2020-10-26,57.52,539
6,4,2020-10-27,57.700001,540
6,4,2020-10-28,56.919998,541
6,4,2020-10-29,56.16,542
6,4,2020-10-30,56.599998,543
6,4,2020-11-02,57.669998,544
6,4,2020-11-03,57.810001,545
6,4,2020-11-04,57.189999,546
6,4,2020-11-05,58.009997999999996,547
6,4,2020-11-06,58.080002,548
6,4,2020-11-09,60.040001000000004,549
6,4,2020-11-10,60.279999,550
6,4,2020-11-11,61.290001000000004,551
6,4,2020-11-12,60.91,552
6,4,2020-11-13,60.630001,553
6,4,2020-11-16,60.810001,554
6,4,2020-11-17,60.560001,555
6,4,2020-11-18,61.130001,556
6,4,2020-11-19,60.400002,557
6,4,2020-11-20,60.209998999999996,558
6,4,2020-11-23,60.009997999999996,559
6,4,2020-11-24,60.599998,560
6,4,2020-11-25,60.669998,561
6,4,2020-11-27,60.52,562
6,4,2020-11-30,60.32,563
6,4,2020-12-01,60.43,564
6,4,2020-12-02,61.400002,565
6,4,2020-12-03,61.110001000000004,566
6,4,2020-12-04,61.549999,567
6,4,2020-12-07,61.52,568
6,4,2020-12-08,61.18,569
6,4,2020-12-09,61.450001,570
6,4,2020-12-10,61.259997999999996,571
6,4,2020-12-11,60.080002,572
6,4,2020-12-14,60.610001000000004,573
6,4,2020-12-15,60.07,574
6,4,2020-12-16,60.200001,575
6,4,2020-12-17,59.98,576
6,4,2020-12-18,60.0,577
6,4,2020-12-21,60.060001,578
6,4,2020-12-22,59.32,579
6,4,2020-12-23,59.200001,580
6,4,2020-12-24,59.0,581
6,4,2020-12-28,59.16,582
6,4,2020-12-29,59.029999,583
6,4,2020-12-30,58.830002,584
6,4,2020-12-31,58.060001,585
6,4,2021-01-04,58.959998999999996,586
6,4,2021-01-05,58.860001000000004,587
6,4,2021-01-06,58.810001,588
6,4,2021-01-07,58.27,589
6,4,2021-01-08,58.23,590
6,4,2021-01-11,57.75,591
6,4,2021-01-12,57.27,592
6,4,2021-01-13,57.220001,593
6,4,2021-01-14,56.889998999999996,594
6,4,2021-01-15,56.779999,595
6,4,2021-01-19,57.439999,596
6,4,2021-01-20,57.009997999999996,597
6,4,2021-01-21,57.189999,598
6,4,2021-01-22,57.169998,599
6,4,2021-01-25,57.470001,600
1,1,2020-09-01,134.179993,601
1,1,2020-09-02,131.399994,602
1,1,2020-09-03,120.879997,603
1,1,2020-09-04,120.959999,604
1,1,2020-09-08,112.82,605
1,1,2020-09-09,117.32,606
1,1,2020-09-10,113.489998,607
1,1,2020-09-11,112.0,608
1,1,2020-09-14,115.360001,609
1,1,2020-09-15,115.540001,610
1,1,2020-09-16,112.129997,611
1,1,2020-09-17,110.339996,612
1,1,2020-09-18,106.839996,613
1,1,2020-09-21,110.08000200000001,614
1,1,2020-09-22,111.809998,615
1,1,2020-09-23,107.120003,616
1,1,2020-09-24,108.220001,617
1,1,2020-09-25,112.279999,618
1,1,2020-09-28,114.959999,619
1,1,2020-09-29,114.089996,620
1,1,2020-09-30,115.809998,621
1,1,2020-10-01,116.790001,622
1,1,2020-10-02,113.019997,623
1,1,2020-10-05,116.5,624
1,1,2020-10-06,113.160004,625
1,1,2020-10-07,115.08000200000001,626
1,1,2020-10-08,114.970001,627
1,1,2020-10-09,116.970001,628
1,1,2020-10-12,124.400002,629
1,1,2020-10-13,121.099998,630
1,1,2020-10-14,121.190002,631
1,1,2020-10-15,120.709999,632
1,1,2020-10-16,119.019997,633
1,1,2020-10-19,115.980003,634
1,1,2020-10-20,117.510002,635
1,1,2020-10-21,116.870003,636
1,1,2020-10-22,115.75,637
1,1,2020-10-23,115.040001,638
1,1,2020-10-26,115.050003,639
1,1,2020-10-27,116.599998,640
1,1,2020-10-28,111.199997,641
1,1,2020-10-29,115.32,642
1,1,2020-10-30,108.860001,643
1,1,2020-11-02,108.769997,644
1,1,2020-11-03,110.440002,645
1,1,2020-11-04,114.949997,646
1,1,2020-11-05,119.029999,647
1,1,2020-11-06,118.690002,648
1,1,2020-11-09,116.32,649
1,1,2020-11-10,115.970001,650
1,1,2020-11-11,119.489998,651
1,1,2020-11-12,119.209999,652
1,1,2020-11-13,119.260002,653
1,1,2020-11-16,120.300003,654
1,1,2020-11-17,119.389999,655
1,1,2020-11-18,118.029999,656
1,1,2020-11-19,118.639999,657
1,1,2020-11-20,117.339996,658
1,1,2020-11-23,113.849998,659
1,1,2020-11-24,115.16999799999999,660
1,1,2020-11-25,116.029999,661
1,1,2020-11-27,116.589996,662
1,1,2020-11-30,119.050003,663
1,1,2020-12-01,122.720001,664
1,1,2020-12-02,123.08000200000001,665
1,1,2020-12-03,122.940002,666
1,1,2020-12-04,122.25,667
1,1,2020-12-07,123.75,668
1,1,2020-12-08,124.379997,669
1,1,2020-12-09,121.779999,670
1,1,2020-12-10,123.239998,671
1,1,2020-12-11,122.410004,672
1,1,2020-12-14,121.779999,673
1,1,2020-12-15,127.879997,674
1,1,2020-12-16,127.809998,675
1,1,2020-12-17,128.699997,676
1,1,2020-12-18,126.660004,677
1,1,2020-12-21,128.229996,678
1,1,2020-12-22,131.880005,679
1,1,2020-12-23,130.96000700000002,680
1,1,2020-12-24,131.970001,681
1,1,2020-12-28,136.690002,682
1,1,2020-12-29,134.869995,683
1,1,2020-12-30,133.720001,684
1,1,2020-12-31,132.690002,685
1,1,2021-01-04,129.41000400000001,686
1,1,2021-01-05,131.009995,687
1,1,2021-01-06,126.599998,688
1,1,2021-01-07,130.919998,689
1,1,2021-01-08,132.050003,690
1,1,2021-01-11,128.979996,691
1,1,2021-01-12,128.800003,692
1,1,2021-01-13,130.889999,693
1,1,2021-01-14,128.91000400000001,694
1,1,2021-01-15,127.139999,695
1,1,2021-01-19,127.83000200000001,696
1,1,2021-01-20,132.029999,697
1,1,2021-01-21,136.869995,698
1,1,2021-01-22,139.070007,699
1,1,2021-01-25,142.919998,700
2,1,2020-09-01,3499.1201170000004,701
2,1,2020-09-02,3531.4499509999996,702
2,1,2020-09-03,3368.0,703
2,1,2020-09-04,3294.6201170000004,704
2,1,2020-09-08,3149.840088,705
2,1,2020-09-09,3268.610107,706
2,1,2020-09-10,3175.110107,707
2,1,2020-09-11,3116.219971,708
2,1,2020-09-14,3102.969971,709
2,1,2020-09-15,3156.1298829999996,710
2,1,2020-09-16,3078.100098,711
2,1,2020-09-17,3008.72998,712
2,1,2020-09-18,2954.909912,713
2,1,2020-09-21,2960.469971,714
2,1,2020-09-22,3128.98999,715
2,1,2020-09-23,2999.860107,716
2,1,2020-09-24,3019.790039,717
2,1,2020-09-25,3095.1298829999996,718
2,1,2020-09-28,3174.050049,719
2,1,2020-09-29,3144.8798829999996,720
2,1,2020-09-30,3148.72998,721
2,1,2020-10-01,3221.26001,722
2,1,2020-10-02,3125.0,723
2,1,2020-10-05,3199.199951,724
2,1,2020-10-06,3099.959961,725
2,1,2020-10-07,3195.689941,726
2,1,2020-10-08,3190.550049,727
2,1,2020-10-09,3286.649902,728
2,1,2020-10-12,3442.929932,729
2,1,2020-10-13,3443.6298829999996,730
2,1,2020-10-14,3363.709961,731
2,1,2020-10-15,3338.649902,732
2,1,2020-10-16,3272.709961,733
2,1,2020-10-19,3207.209961,734
2,1,2020-10-20,3217.01001,735
2,1,2020-10-21,3184.939941,736
2,1,2020-10-22,3176.399902,737
2,1,2020-10-23,3204.399902,738
2,1,2020-10-26,3207.040039,739
2,1,2020-10-27,3286.330078,740
2,1,2020-10-28,3162.780029,741
2,1,2020-10-29,3211.01001,742
2,1,2020-10-30,3036.149902,743
2,1,2020-11-02,3004.47998,744
2,1,2020-11-03,3048.409912,745
2,1,2020-11-04,3241.159912,746
2,1,2020-11-05,3322.0,747
2,1,2020-11-06,3311.3701170000004,748
2,1,2020-11-09,3143.73999,749
2,1,2020-11-10,3035.02002,750
2,1,2020-11-11,3137.389893,751
2,1,2020-11-12,3110.280029,752
2,1,2020-11-13,3128.810059,753
2,1,2020-11-16,3131.060059,754
2,1,2020-11-17,3135.659912,755
2,1,2020-11-18,3105.459961,756
2,1,2020-11-19,3117.02002,757
2,1,2020-11-20,3099.399902,758
2,1,2020-11-23,3098.389893,759
2,1,2020-11-24,3118.060059,760
2,1,2020-11-25,3185.070068,761
2,1,2020-11-27,3195.340088,762
2,1,2020-11-30,3168.040039,763
2,1,2020-12-01,3220.080078,764
2,1,2020-12-02,3203.530029,765
2,1,2020-12-03,3186.72998,766
2,1,2020-12-04,3162.580078,767
2,1,2020-12-07,3158.0,768
2,1,2020-12-08,3177.290039,769
2,1,2020-12-09,3104.199951,770
2,1,2020-12-10,3101.48999,771
2,1,2020-12-11,3116.419922,772
2,1,2020-12-14,3156.969971,773
2,1,2020-12-15,3165.1201170000004,774
2,1,2020-12-16,3240.959961,775
2,1,2020-12-17,3236.080078,776
2,1,2020-12-18,3201.649902,777
2,1,2020-12-21,3206.179932,778
2,1,2020-12-22,3206.52002,779
2,1,2020-12-23,3185.27002,780
2,1,2020-12-24,3172.689941,781
2,1,2020-12-28,3283.959961,782
2,1,2020-12-29,3322.0,783
2,1,2020-12-30,3285.850098,784
2,1,2020-12-31,3256.929932,785
2,1,2021-01-04,3186.6298829999996,786
2,1,2021-01-05,3218.51001,787
2,1,2021-01-06,3138.3798829999996,788
2,1,2021-01-07,3162.159912,789
2,1,2021-01-08,3182.699951,790
2,1,2021-01-11,3114.209961,791
2,1,2021-01-12,3120.830078,792
2,1,2021-01-13,3165.889893,793
2,1,2021-01-14,3127.469971,794
2,1,2021-01-15,3104.25,795
2,1,2021-01-19,3120.76001,796
2,1,2021-01-20,3263.3798829999996,797
2,1,2021-01-21,3306.98999,798
2,1,2021-01-22,3292.22998,799
2,1,2021-01-25,3294.0,800
3,1,2020-09-01,7.65,801
3,1,2020-09-02,7.71,802
3,1,2020-09-03,7.82,803
3,1,2020-09-04,7.65,804
3,1,2020-09-08,7.7,805
3,1,2020-09-09,7.35,806
3,1,2020-09-10,6.23,807
3,1,2020-09-11,6.09,808
3,1,2020-09-14,6.91,809
3,1,2020-09-15,7.09,810
3,1,2020-09-16,8.68,811
3,1,2020-09-17,9.2,812
3,1,2020-09-18,9.47,813
3,1,2020-09-21,8.75,814
3,1,2020-09-22,10.56,815
3,1,2020-09-23,10.04,816
3,1,2020-09-24,9.14,817
3,1,2020-09-25,10.02,818
3,1,2020-09-28,10.09,819
3,1,2020-09-29,10.35,820
3,1,2020-09-30,10.2,821
3,1,2020-10-01,9.77,822
3,1,2020-10-02,9.39,823
3,1,2020-10-05,9.46,824
3,1,2020-10-06,9.13,825
3,1,2020-10-07,9.36,826
3,1,2020-10-08,13.49,827
3,1,2020-10-09,12.02,828
3,1,2020-10-12,11.8,829
3,1,2020-10-13,11.88,830
3,1,2020-10-14,12.25,831
3,1,2020-10-15,13.83,832
3,1,2020-10-16,13.31,833
3,1,2020-10-19,13.91,834
3,1,2020-10-20,13.86,835
3,1,2020-10-21,14.1,836
3,1,2020-10-22,14.91,837
3,1,2020-10-23,15.0,838
3,1,2020-10-26,13.45,839
3,1,2020-10-27,12.69,840
3,1,2020-10-28,11.82,841
3,1,2020-10-29,11.73,842
3,1,2020-10-30,10.47,843
3,1,2020-11-02,10.75,844
3,1,2020-11-03,11.57,845
3,1,2020-11-04,10.91,846
3,1,2020-11-05,11.45,847
3,1,2020-11-06,11.86,848
3,1,2020-11-09,11.49,849
3,1,2020-11-10,11.1,850
3,1,2020-11-11,11.75,851
3,1,2020-11-12,11.13,852
3,1,2020-11-13,11.01,853
3,1,2020-11-16,12.06,854
3,1,2020-11-17,11.63,855
3,1,2020-11-18,11.57,856
3,1,2020-11-19,12.46,857
3,1,2020-11-20,12.71,858
3,1,2020-11-23,13.9,859
3,1,2020-11-24,13.67,860
3,1,2020-11-25,14.75,861
3,1,2020-11-27,16.08,862
3,1,2020-11-30,16.559998999999998,863
3,1,2020-12-01,15.8,864
3,1,2020-12-02,16.58,865
3,1,2020-12-03,16.120001000000002,866
3,1,2020-12-04,16.9,867
3,1,2020-12-07,16.35,868
3,1,2020-12-08,16.940001000000002,869
3,1,2020-12-09,13.66,870
3,1,2020-12-10,14.12,871
3,1,2020-12-11,13.31,872
3,1,2020-12-14,12.72,873
3,1,2020-12-15,13.85,874
3,1,2020-12-16,13.85,875
3,1,2020-12-17,14.83,876
3,1,2020-12-18,15.63,877
3,1,2020-12-21,15.53,878
3,1,2020-12-22,19.459999,879
3,1,2020-12-23,20.57,880
3,1,2020-12-24,20.15,881
3,1,2020-12-28,20.99,882
3,1,2020-12-29,19.379998999999998,883
3,1,2020-12-30,19.26,884
3,1,2020-12-31,18.84,885
3,1,2021-01-04,17.25,886
3,1,2021-01-05,17.370001000000002,887
3,1,2021-01-06,18.360001,888
3,1,2021-01-07,18.08,889
3,1,2021-01-08,17.690001000000002,890
3,1,2021-01-11,19.940001000000002,891
3,1,2021-01-12,19.950001,892
3,1,2021-01-13,31.4,893
3,1,2021-01-14,39.91,894
3,1,2021-01-15,35.5,895
3,1,2021-01-19,39.360001000000004,896
3,1,2021-01-20,39.119999,897
3,1,2021-01-21,43.029999,898
3,1,2021-01-22,65.010002,899
3,1,2021-01-25,76.790001,900
4,1,2020-09-01,49.119999,901
4,1,2020-09-02,51.189999,902
4,1,2020-09-03,50.48,903
4,1,2020-09-04,51.040001000000004,904
4,1,2020-09-08,49.810001,905
4,1,2020-09-09,50.189999,906
4,1,2020-09-10,50.0,907
4,1,2020-09-11,51.060001,908
4,1,2020-09-14,50.709998999999996,909
4,1,2020-09-15,51.049999,910
4,1,2020-09-16,50.790001000000004,911
4,1,2020-09-17,50.549999,912
4,1,2020-09-18,50.450001,913
4,1,2020-09-21,49.09,914
4,1,2020-09-22,49.66,915
4,1,2020-09-23,48.209998999999996,916
4,1,2020-09-24,48.700001,917
4,1,2020-09-25,48.720001,918
4,1,2020-09-28,49.279999,919
4,1,2020-09-29,48.919998,920
4,1,2020-09-30,49.369999,921
4,1,2020-10-01,49.18,922
4,1,2020-10-02,49.360001000000004,923
4,1,2020-10-05,49.380001,924
4,1,2020-10-06,48.939999,925
4,1,2020-10-07,49.560001,926
4,1,2020-10-08,50.459998999999996,927
4,1,2020-10-09,50.810001,928
4,1,2020-10-12,51.09,929
4,1,2020-10-13,50.220001,930
4,1,2020-10-14,50.119999,931
4,1,2020-10-15,49.990002000000004,932
4,1,2020-10-16,50.029999,933
4,1,2020-10-19,49.619999,934
4,1,2020-10-20,50.25,935
4,1,2020-10-21,49.990002000000004,936
4,1,2020-10-22,50.68,937
4,1,2020-10-23,50.52,938
4,1,2020-10-26,49.799999,939
4,1,2020-10-27,49.900002,940
4,1,2020-10-28,47.959998999999996,941
4,1,2020-10-29,48.02,942
4,1,2020-10-30,48.060001,943
4,1,2020-11-02,48.619999,944
4,1,2020-11-03,49.349998,945
4,1,2020-11-04,49.169998,946
4,1,2020-11-05,49.439999,947
4,1,2020-11-06,49.450001,948
4,1,2020-11-09,52.57,949
4,1,2020-11-10,53.98,950
4,1,2020-11-11,53.580002,951
4,1,2020-11-12,53.009997999999996,952
4,1,2020-11-13,53.450001,953
4,1,2020-11-16,53.849998,954
4,1,2020-11-17,53.68,955
4,1,2020-11-18,52.610001000000004,956
4,1,2020-11-19,53.130001,957
4,1,2020-11-20,52.669998,958
4,1,2020-11-23,52.68,959
4,1,2020-11-24,53.220001,960
4,1,2020-11-25,52.93,961
4,1,2020-11-27,52.700001,962
4,1,2020-11-30,51.599998,963
4,1,2020-12-01,52.040001000000004,964
4,1,2020-12-02,52.110001000000004,965
4,1,2020-12-03,52.779999,966
4,1,2020-12-04,53.849998,967
4,1,2020-12-07,52.990002000000004,968
4,1,2020-12-08,53.18,969
4,1,2020-12-09,53.330002,970
4,1,2020-12-10,53.049999,971
4,1,2020-12-11,53.349998,972
4,1,2020-12-14,53.27,973
4,1,2020-12-15,53.84,974
4,1,2020-12-16,53.060001,975
4,1,2020-12-17,53.27,976
4,1,2020-12-18,53.740002000000004,977
4,1,2020-12-21,52.810001,978
4,1,2020-12-22,52.759997999999996,979
4,1,2020-12-23,53.080002,980
4,1,2020-12-24,53.439999,981
4,1,2020-12-28,54.16,982
4,1,2020-12-29,54.130001,983
4,1,2020-12-30,54.439999,984
4,1,2020-12-31,54.84,985
4,1,2021-01-04,52.759997999999996,986
4,1,2021-01-05,52.18,987
4,1,2021-01-06,50.52,988
4,1,2021-01-07,49.959998999999996,989
4,1,2021-01-08,51.080002,990
4,1,2021-01-11,50.200001,991
4,1,2021-01-12,50.110001000000004,992
4,1,2021-01-13,50.16,993
4,1,2021-01-14,49.23,994
4,1,2021-01-15,48.700001,995
4,1,2021-01-19,48.509997999999996,996
4,1,2021-01-20,48.68,997
4,1,2021-01-21,48.950001,998
4,1,2021-01-22,48.490002000000004,999
4,1,2021-01-25,48.779999,1000
5,1,2020-09-01,475.049988,1001
5,1,2020-09-02,447.369995,1002
5,1,2020-09-03,407.0,1003
5,1,2020-09-04,418.320007,1004
5,1,2020-09-08,330.209991,1005
5,1,2020-09-09,366.27999900000003,1006
5,1,2020-09-10,371.339996,1007
5,1,2020-09-11,372.72000099999997,1008
5,1,2020-09-14,419.619995,1009
5,1,2020-09-15,449.76000999999997,1010
5,1,2020-09-16,441.76000999999997,1011
5,1,2020-09-17,423.42999299999997,1012
5,1,2020-09-18,442.14999400000005,1013
5,1,2020-09-21,449.39001500000006,1014
5,1,2020-09-22,424.23001100000005,1015
5,1,2020-09-23,380.359985,1016
5,1,2020-09-24,387.790009,1017
5,1,2020-09-25,407.339996,1018
5,1,2020-09-28,421.200012,1019
5,1,2020-09-29,419.070007,1020
5,1,2020-09-30,429.01000999999997,1021
5,1,2020-10-01,448.160004,1022
5,1,2020-10-02,415.089996,1023
5,1,2020-10-05,425.67999299999997,1024
5,1,2020-10-06,413.980011,1025
5,1,2020-10-07,425.299988,1026
5,1,2020-10-08,425.920013,1027
5,1,2020-10-09,434.0,1028
5,1,2020-10-12,442.299988,1029
5,1,2020-10-13,446.64999400000005,1030
5,1,2020-10-14,461.299988,1031
5,1,2020-10-15,448.880005,1032
5,1,2020-10-16,439.670013,1033
5,1,2020-10-19,430.829987,1034
5,1,2020-10-20,421.94000199999994,1035
5,1,2020-10-21,422.64001500000006,1036
5,1,2020-10-22,425.790009,1037
5,1,2020-10-23,420.630005,1038
5,1,2020-10-26,420.27999900000003,1039
5,1,2020-10-27,424.67999299999997,1040
5,1,2020-10-28,406.019989,1041
5,1,2020-10-29,410.829987,1042
5,1,2020-10-30,388.040009,1043
5,1,2020-11-02,400.51001,1044
5,1,2020-11-03,423.89999400000005,1045
5,1,2020-11-04,420.98001100000005,1046
5,1,2020-11-05,438.089996,1047
5,1,2020-11-06,429.950012,1048
5,1,2020-11-09,421.26000999999997,1049
5,1,2020-11-10,410.359985,1050
5,1,2020-11-11,417.130005,1051
5,1,2020-11-12,411.76001,1052
5,1,2020-11-13,408.5,1053
5,1,2020-11-16,408.089996,1054
5,1,2020-11-17,441.60998499999994,1055
5,1,2020-11-18,486.64001500000006,1056
5,1,2020-11-19,499.26998899999995,1057
5,1,2020-11-20,489.60998499999994,1058
5,1,2020-11-23,521.849976,1059
5,1,2020-11-24,555.380005,1060
5,1,2020-11-25,574.0,1061
5,1,2020-11-27,585.76001,1062
5,1,2020-11-30,567.599976,1063
5,1,2020-12-01,584.76001,1064
5,1,2020-12-02,568.820007,1065
5,1,2020-12-03,593.380005,1066
5,1,2020-12-04,599.039978,1067
5,1,2020-12-07,641.76001,1068
5,1,2020-12-08,649.880005,1069
5,1,2020-12-09,604.47998,1070
5,1,2020-12-10,627.070007,1071
5,1,2020-12-11,609.98999,1072
5,1,2020-12-14,639.830017,1073
5,1,2020-12-15,633.25,1074
5,1,2020-12-16,622.77002,1075
5,1,2020-12-17,655.900024,1076
5,1,2020-12-18,695.0,1077
5,1,2020-12-21,649.8599849999999,1078
5,1,2020-12-22,640.340027,1079
5,1,2020-12-23,645.97998,1080
5,1,2020-12-24,661.77002,1081
5,1,2020-12-28,663.6900019999999,1082
5,1,2020-12-29,665.98999,1083
5,1,2020-12-30,694.780029,1084
5,1,2020-12-31,705.669983,1085
5,1,2021-01-04,729.77002,1086
5,1,2021-01-05,735.1099849999999,1087
5,1,2021-01-06,755.97998,1088
5,1,2021-01-07,816.039978,1089
5,1,2021-01-08,880.0200199999999,1090
5,1,2021-01-11,811.1900019999999,1091
5,1,2021-01-12,849.4400019999999,1092
5,1,2021-01-13,854.409973,1093
5,1,2021-01-14,845.0,1094
5,1,2021-01-15,826.159973,1095
5,1,2021-01-19,844.5499880000001,1096
5,1,2021-01-20,850.4500119999999,1097
5,1,2021-01-21,844.98999,1098
5,1,2021-01-22,846.6400150000001,1099
5,1,2021-01-25,880.7999880000001,1100
6,1,2020-09-01,59.16,1101
6,1,2020-09-02,60.529999,1102
6,1,2020-09-03,60.610001000000004,1103
6,1,2020-09-04,60.48,1104
6,1,2020-09-08,59.959998999999996,1105
6,1,2020-09-09,60.040001000000004,1106
6,1,2020-09-10,59.529999,1107
6,1,2020-09-11,59.790001000000004,1108
6,1,2020-09-14,60.32,1109
6,1,2020-09-15,60.599998,1110
6,1,2020-09-16,60.369999,1111
6,1,2020-09-17,60.59,1112
6,1,2020-09-18,60.349998,1113
6,1,2020-09-21,59.610001000000004,1114
6,1,2020-09-22,59.82,1115
6,1,2020-09-23,58.91,1116
6,1,2020-09-24,59.189999,1117
6,1,2020-09-25,59.389998999999996,1118
6,1,2020-09-28,59.360001000000004,1119
6,1,2020-09-29,59.240002000000004,1120
6,1,2020-09-30,59.490002000000004,1121
6,1,2020-10-01,59.450001,1122
6,1,2020-10-02,59.240002000000004,1123
6,1,2020-10-05,59.66,1124
6,1,2020-10-06,59.459998999999996,1125
6,1,2020-10-07,59.610001000000004,1126
6,1,2020-10-08,59.189999,1127
6,1,2020-10-09,59.330002,1128
6,1,2020-10-12,59.549999,1129
6,1,2020-10-13,59.360001000000004,1130
6,1,2020-10-14,58.43,1131
6,1,2020-10-15,58.16,1132
6,1,2020-10-16,58.049999,1133
6,1,2020-10-19,57.299999,1134
6,1,2020-10-20,57.25,1135
6,1,2020-10-21,56.75,1136
6,1,2020-10-22,57.330002,1137
6,1,2020-10-23,57.959998999999996,1138
6,1,2020-10-26,57.810001,1139
6,1,2020-10-27,57.380001,1140
6,1,2020-10-28,56.310001,1141
6,1,2020-10-29,56.759997999999996,1142
6,1,2020-10-30,56.990002000000004,1143
6,1,2020-11-02,57.700001,1144
6,1,2020-11-03,57.75,1145
6,1,2020-11-04,57.220001,1146
6,1,2020-11-05,58.150002,1147
6,1,2020-11-06,58.529999,1148
6,1,2020-11-09,59.84,1149
6,1,2020-11-10,61.099998,1150
6,1,2020-11-11,61.0,1151
6,1,2020-11-12,60.790001000000004,1152
6,1,2020-11-13,61.060001,1153
6,1,2020-11-16,60.889998999999996,1154
6,1,2020-11-17,60.75,1155
6,1,2020-11-18,60.32,1156
6,1,2020-11-19,60.209998999999996,1157
6,1,2020-11-20,60.040001000000004,1158
6,1,2020-11-23,60.23,1159
6,1,2020-11-24,60.639998999999996,1160
6,1,2020-11-25,60.41,1161
6,1,2020-11-27,60.580002,1162
6,1,2020-11-30,60.41,1163
6,1,2020-12-01,60.580002,1164
6,1,2020-12-02,61.360001000000004,1165
6,1,2020-12-03,61.740002000000004,1166
6,1,2020-12-04,61.549999,1167
6,1,2020-12-07,61.349998,1168
6,1,2020-12-08,61.450001,1169
6,1,2020-12-09,61.459998999999996,1170
6,1,2020-12-10,60.509997999999996,1171
6,1,2020-12-11,60.349998,1172
6,1,2020-12-14,59.98,1173
6,1,2020-12-15,60.549999,1174
6,1,2020-12-16,59.91,1175
6,1,2020-12-17,60.009997999999996,1176
6,1,2020-12-18,60.459998999999996,1177
6,1,2020-12-21,59.490002000000004,1178
6,1,2020-12-22,58.990002000000004,1179
6,1,2020-12-23,58.959998999999996,1180
6,1,2020-12-24,58.84,1181
6,1,2020-12-28,58.98,1182
6,1,2020-12-29,58.810001,1183
6,1,2020-12-30,58.139998999999996,1184
6,1,2020-12-31,58.75,1185
6,1,2021-01-04,58.849998,1186
6,1,2021-01-05,58.580002,1187
6,1,2021-01-06,59.290001000000004,1188
6,1,2021-01-07,58.529999,1189
6,1,2021-01-08,57.799999,1190
6,1,2021-01-11,57.459998999999996,1191
6,1,2021-01-12,57.259997999999996,1192
6,1,2021-01-13,57.060001,1193
6,1,2021-01-14,57.040001000000004,1194
6,1,2021-01-15,57.380001,1195
6,1,2021-01-19,57.049999,1196
6,1,2021-01-20,57.259997999999996,1197
6,1,2021-01-21,57.27,1198
6,1,2021-01-22,57.470001,1199
6,1,2021-01-25,58.419998,1200
1,3,2020-09-01,130.529999,1201
1,3,2020-09-02,127.0,1202
1,3,2020-09-03,120.5,1203
1,3,2020-09-04,110.889999,1204
1,3,2020-09-08,112.68,1205
1,3,2020-09-09,115.260002,1206
1,3,2020-09-10,112.5,1207
1,3,2020-09-11,110.0,1208
1,3,2020-09-14,112.800003,1209
1,3,2020-09-15,113.610001,1210
1,3,2020-09-16,112.040001,1211
1,3,2020-09-17,108.709999,1212
1,3,2020-09-18,106.089996,1213
1,3,2020-09-21,103.099998,1214
1,3,2020-09-22,109.160004,1215
1,3,2020-09-23,106.769997,1216
1,3,2020-09-24,105.0,1217
1,3,2020-09-25,107.66999799999999,1218
1,3,2020-09-28,112.779999,1219
1,3,2020-09-29,113.57,1220
1,3,2020-09-30,113.620003,1221
1,3,2020-10-01,115.83000200000001,1222
1,3,2020-10-02,112.220001,1223
1,3,2020-10-05,113.550003,1224
1,3,2020-10-06,112.25,1225
1,3,2020-10-07,114.129997,1226
1,3,2020-10-08,114.589996,1227
1,3,2020-10-09,114.91999799999999,1228
1,3,2020-10-12,119.279999,1229
1,3,2020-10-13,119.650002,1230
1,3,2020-10-14,119.620003,1231
1,3,2020-10-15,118.150002,1232
1,3,2020-10-16,118.809998,1233
1,3,2020-10-19,115.660004,1234
1,3,2020-10-20,115.629997,1235
1,3,2020-10-21,116.449997,1236
1,3,2020-10-22,114.589996,1237
1,3,2020-10-23,114.279999,1238
1,3,2020-10-26,112.879997,1239
1,3,2020-10-27,114.540001,1240
1,3,2020-10-28,111.099998,1241
1,3,2020-10-29,112.199997,1242
1,3,2020-10-30,107.720001,1243
1,3,2020-11-02,107.32,1244
1,3,2020-11-03,108.730003,1245
1,3,2020-11-04,112.349998,1246
1,3,2020-11-05,116.870003,1247
1,3,2020-11-06,116.129997,1248
1,3,2020-11-09,116.050003,1249
1,3,2020-11-10,114.129997,1250
1,3,2020-11-11,116.440002,1251
1,3,2020-11-12,118.57,1252
1,3,2020-11-13,117.870003,1253
1,3,2020-11-16,118.150002,1254
1,3,2020-11-17,118.959999,1255
1,3,2020-11-18,118.0,1256
1,3,2020-11-19,116.809998,1257
1,3,2020-11-20,117.290001,1258
1,3,2020-11-23,113.75,1259
1,3,2020-11-24,112.589996,1260
1,3,2020-11-25,115.16999799999999,1261
1,3,2020-11-27,116.220001,1262
1,3,2020-11-30,116.809998,1263
1,3,2020-12-01,120.010002,1264
1,3,2020-12-02,120.889999,1265
1,3,2020-12-03,122.209999,1266
1,3,2020-12-04,121.519997,1267
1,3,2020-12-07,122.25,1268
1,3,2020-12-08,123.089996,1269
1,3,2020-12-09,121.0,1270
1,3,2020-12-10,120.150002,1271
1,3,2020-12-11,120.550003,1272
1,3,2020-12-14,121.540001,1273
1,3,2020-12-15,124.129997,1274
1,3,2020-12-16,126.559998,1275
1,3,2020-12-17,128.03999299999998,1276
1,3,2020-12-18,126.120003,1277
1,3,2020-12-21,123.449997,1278
1,3,2020-12-22,129.649994,1279
1,3,2020-12-23,130.779999,1280
1,3,2020-12-24,131.100006,1281
1,3,2020-12-28,133.509995,1282
1,3,2020-12-29,134.33999599999999,1283
1,3,2020-12-30,133.399994,1284
1,3,2020-12-31,131.720001,1285
1,3,2021-01-04,126.760002,1286
1,3,2021-01-05,128.429993,1287
1,3,2021-01-06,126.379997,1288
1,3,2021-01-07,127.860001,1289
1,3,2021-01-08,130.229996,1290
1,3,2021-01-11,128.5,1291
1,3,2021-01-12,126.860001,1292
1,3,2021-01-13,128.490005,1293
1,3,2021-01-14,128.759995,1294
1,3,2021-01-15,127.0,1295
1,3,2021-01-19,126.940002,1296
1,3,2021-01-20,128.550003,1297
1,3,2021-01-21,133.58999599999999,1298
1,3,2021-01-22,135.020004,1299
1,3,2021-01-25,136.53999299999998,1300
2,3,2020-09-01,3467.0,1301
2,3,2020-09-02,3486.6899409999996,1302
2,3,2020-09-03,3303.0,1303
2,3,2020-09-04,3111.1298829999996,1304
2,3,2020-09-08,3130.0,1305
2,3,2020-09-09,3185.0,1306
2,3,2020-09-10,3170.550049,1307
2,3,2020-09-11,3083.97998,1308
2,3,2020-09-14,3096.0,1309
2,3,2020-09-15,3108.919922,1310
2,3,2020-09-16,3074.149902,1311
2,3,2020-09-17,2972.550049,1312
2,3,2020-09-18,2905.540039,1313
2,3,2020-09-21,2871.0,1314
2,3,2020-09-22,3000.199951,1315
2,3,2020-09-23,2992.3798829999996,1316
2,3,2020-09-24,2965.0,1317
2,3,2020-09-25,2999.0,1318
2,3,2020-09-28,3117.169922,1319
2,3,2020-09-29,3132.540039,1320
2,3,2020-09-30,3133.98999,1321
2,3,2020-10-01,3172.0,1322
2,3,2020-10-02,3123.0,1323
2,3,2020-10-05,3140.850098,1324
2,3,2020-10-06,3090.0,1325
2,3,2020-10-07,3132.389893,1326
2,3,2020-10-08,3174.98999,1327
2,3,2020-10-09,3197.830078,1328
2,3,2020-10-12,3339.550049,1329
2,3,2020-10-13,3424.219971,1330
2,3,2020-10-14,3340.0,1331
2,3,2020-10-15,3280.0,1332
2,3,2020-10-16,3160.0,1333
2,3,2020-10-19,3192.73999,1334
2,3,2020-10-20,3192.01001,1335
2,3,2020-10-21,3160.0,1336
2,3,2020-10-22,3121.939941,1337
2,3,2020-10-23,3140.0,1338
2,3,2020-10-26,3153.300049,1339
2,3,2020-10-27,3211.300049,1340
2,3,2020-10-28,3162.469971,1341
2,3,2020-10-29,3164.0,1342
2,3,2020-10-30,3019.0,1343
2,3,2020-11-02,2950.1201170000004,1344
2,3,2020-11-03,2980.97998,1345
2,3,2020-11-04,3139.72998,1346
2,3,2020-11-05,3288.8798829999996,1347
2,3,2020-11-06,3232.0,1348
2,3,2020-11-09,3112.110107,1349
2,3,2020-11-10,3019.47998,1350
2,3,2020-11-11,3050.0,1351
2,3,2020-11-12,3086.050049,1352
2,3,2020-11-13,3085.389893,1353
2,3,2020-11-16,3072.689941,1354
2,3,2020-11-17,3135.26001,1355
2,3,2020-11-18,3105.100098,1356
2,3,2020-11-19,3080.919922,1357
2,3,2020-11-20,3098.050049,1358
2,3,2020-11-23,3065.459961,1359
2,3,2020-11-24,3086.26001,1360
2,3,2020-11-25,3140.26001,1361
2,3,2020-11-27,3190.050049,1362
2,3,2020-11-30,3125.550049,1363
2,3,2020-12-01,3157.179932,1364
2,3,2020-12-02,3173.26001,1365
2,3,2020-12-03,3181.310059,1366
2,3,2020-12-04,3158.76001,1367
2,3,2020-12-07,3141.689941,1368
2,3,2020-12-08,3120.02002,1369
2,3,2020-12-09,3088.0,1370
2,3,2020-12-10,3076.0,1371
2,3,2020-12-11,3072.820068,1372
2,3,2020-12-14,3126.0,1373
2,3,2020-12-15,3130.48999,1374
2,3,2020-12-16,3163.679932,1375
2,3,2020-12-17,3221.0,1376
2,3,2020-12-18,3171.600098,1377
2,3,2020-12-21,3166.0,1378
2,3,2020-12-22,3180.080078,1379
2,3,2020-12-23,3184.169922,1380
2,3,2020-12-24,3169.0,1381
2,3,2020-12-28,3172.689941,1382
2,3,2020-12-29,3281.219971,1383
2,3,2020-12-30,3282.469971,1384
2,3,2020-12-31,3241.199951,1385
2,3,2021-01-04,3144.02002,1386
2,3,2021-01-05,3165.060059,1387
2,3,2021-01-06,3131.159912,1388
2,3,2021-01-07,3155.0,1389
2,3,2021-01-08,3142.199951,1390
2,3,2021-01-11,3110.0,1391
2,3,2021-01-12,3086.0,1392
2,3,2021-01-13,3122.080078,1393
2,3,2021-01-14,3120.590088,1394
2,3,2021-01-15,3095.169922,1395
2,3,2021-01-19,3096.0,1396
2,3,2021-01-20,3175.0,1397
2,3,2021-01-21,3289.570068,1398
2,3,2021-01-22,3283.159912,1399
2,3,2021-01-25,3243.149902,1400
3,3,2020-09-01,6.77,1401
3,3,2020-09-02,7.11,1402
3,3,2020-09-03,7.24,1403
3,3,2020-09-04,7.17,1404
3,3,2020-09-08,7.48,1405
3,3,2020-09-09,7.31,1406
3,3,2020-09-10,6.19,1407
3,3,2020-09-11,5.87,1408
3,3,2020-09-14,6.43,1409
3,3,2020-09-15,6.69,1410
3,3,2020-09-16,7.03,1411
3,3,2020-09-17,8.41,1412
3,3,2020-09-18,8.91,1413
3,3,2020-09-21,8.38,1414
3,3,2020-09-22,9.9,1415
3,3,2020-09-23,9.92,1416
3,3,2020-09-24,9.01,1417
3,3,2020-09-25,9.1,1418
3,3,2020-09-28,9.55,1419
3,3,2020-09-29,9.93,1420
3,3,2020-09-30,10.06,1421
3,3,2020-10-01,9.69,1422
3,3,2020-10-02,9.3,1423
3,3,2020-10-05,9.25,1424
3,3,2020-10-06,9.1,1425
3,3,2020-10-07,9.17,1426
3,3,2020-10-08,9.19,1427
3,3,2020-10-09,11.9,1428
3,3,2020-10-12,11.4,1429
3,3,2020-10-13,11.65,1430
3,3,2020-10-14,12.05,1431
3,3,2020-10-15,11.99,1432
3,3,2020-10-16,13.08,1433
3,3,2020-10-19,13.38,1434
3,3,2020-10-20,13.67,1435
3,3,2020-10-21,13.8,1436
3,3,2020-10-22,14.19,1437
3,3,2020-10-23,14.55,1438
3,3,2020-10-26,13.26,1439
3,3,2020-10-27,12.36,1440
3,3,2020-10-28,11.78,1441
3,3,2020-10-29,11.68,1442
3,3,2020-10-30,10.36,1443
3,3,2020-11-02,10.5,1444
3,3,2020-11-03,10.63,1445
3,3,2020-11-04,10.61,1446
3,3,2020-11-05,11.06,1447
3,3,2020-11-06,11.32,1448
3,3,2020-11-09,11.25,1449
3,3,2020-11-10,10.83,1450
3,3,2020-11-11,11.21,1451
3,3,2020-11-12,10.97,1452
3,3,2020-11-13,11.0,1453
3,3,2020-11-16,10.72,1454
3,3,2020-11-17,11.23,1455
3,3,2020-11-18,11.56,1456
3,3,2020-11-19,11.45,1457
3,3,2020-11-20,12.54,1458
3,3,2020-11-23,12.67,1459
3,3,2020-11-24,13.3,1460
3,3,2020-11-25,13.42,1461
3,3,2020-11-27,14.88,1462
3,3,2020-11-30,16.559998999999998,1463
3,3,2020-12-01,15.76,1464
3,3,2020-12-02,15.38,1465
3,3,2020-12-03,15.87,1466
3,3,2020-12-04,16.26,1467
3,3,2020-12-07,16.219998999999998,1468
3,3,2020-12-08,15.93,1469
3,3,2020-12-09,13.23,1470
3,3,2020-12-10,13.05,1471
3,3,2020-12-11,13.02,1472
3,3,2020-12-14,12.14,1473
3,3,2020-12-15,12.48,1474
3,3,2020-12-16,13.58,1475
3,3,2020-12-17,13.59,1476
3,3,2020-12-18,15.18,1477
3,3,2020-12-21,15.28,1478
3,3,2020-12-22,16.15,1479
3,3,2020-12-23,19.129998999999998,1480
3,3,2020-12-24,19.950001,1481
3,3,2020-12-28,20.35,1482
3,3,2020-12-29,18.559998999999998,1483
3,3,2020-12-30,18.85,1484
3,3,2020-12-31,18.799999,1485
3,3,2021-01-04,17.15,1486
3,3,2021-01-05,17.23,1487
3,3,2021-01-06,17.33,1488
3,3,2021-01-07,18.02,1489
3,3,2021-01-08,17.08,1490
3,3,2021-01-11,19.01,1491
3,3,2021-01-12,19.32,1492
3,3,2021-01-13,20.030001000000002,1493
3,3,2021-01-14,33.049999,1494
3,3,2021-01-15,34.009997999999996,1495
3,3,2021-01-19,36.639998999999996,1496
3,3,2021-01-20,36.060001,1497
3,3,2021-01-21,37.0,1498
3,3,2021-01-22,42.32,1499
3,3,2021-01-25,61.130001,1500
4,3,2020-09-01,48.830002,1501
4,3,2020-09-02,49.360001000000004,1502
4,3,2020-09-03,50.099998,1503
4,3,2020-09-04,50.279999,1504
4,3,2020-09-08,49.360001000000004,1505
4,3,2020-09-09,49.549999,1506
4,3,2020-09-10,49.950001,1507
4,3,2020-09-11,50.099998,1508
4,3,2020-09-14,50.57,1509
4,3,2020-09-15,50.84,1510
4,3,2020-09-16,50.740002000000004,1511
4,3,2020-09-17,49.939999,1512
4,3,2020-09-18,50.209998999999996,1513
4,3,2020-09-21,48.610001000000004,1514
4,3,2020-09-22,49.07,1515
4,3,2020-09-23,48.169998,1516
4,3,2020-09-24,47.560001,1517
4,3,2020-09-25,47.98,1518
4,3,2020-09-28,49.139998999999996,1519
4,3,2020-09-29,48.91,1520
4,3,2020-09-30,48.889998999999996,1521
4,3,2020-10-01,48.59,1522
4,3,2020-10-02,48.549999,1523
4,3,2020-10-05,49.119999,1524
4,3,2020-10-06,48.830002,1525
4,3,2020-10-07,48.950001,1526
4,3,2020-10-08,49.540001000000004,1527
4,3,2020-10-09,50.599998,1528
4,3,2020-10-12,50.830002,1529
4,3,2020-10-13,49.900002,1530
4,3,2020-10-14,49.650002,1531
4,3,2020-10-15,49.299999,1532
4,3,2020-10-16,49.869999,1533
4,3,2020-10-19,49.459998999999996,1534
4,3,2020-10-20,49.790001000000004,1535
4,3,2020-10-21,49.77,1536
4,3,2020-10-22,50.380001,1537
4,3,2020-10-23,50.470001,1538
4,3,2020-10-26,49.200001,1539
4,3,2020-10-27,49.549999,1540
4,3,2020-10-28,47.779999,1541
4,3,2020-10-29,47.299999,1542
4,3,2020-10-30,47.369999,1543
4,3,2020-11-02,48.240002000000004,1544
4,3,2020-11-03,49.0,1545
4,3,2020-11-04,49.080002,1546
4,3,2020-11-05,49.34,1547
4,3,2020-11-06,49.25,1548
4,3,2020-11-09,52.07,1549
4,3,2020-11-10,52.450001,1550
4,3,2020-11-11,53.330002,1551
4,3,2020-11-12,52.610001000000004,1552
4,3,2020-11-13,52.889998999999996,1553
4,3,2020-11-16,53.279999,1554
4,3,2020-11-17,53.029999,1555
4,3,2020-11-18,52.560001,1556
4,3,2020-11-19,51.950001,1557
4,3,2020-11-20,52.59,1558
4,3,2020-11-23,52.200001,1559
4,3,2020-11-24,53.02,1560
4,3,2020-11-25,52.790001000000004,1561
4,3,2020-11-27,52.610001000000004,1562
4,3,2020-11-30,51.080002,1563
4,3,2020-12-01,51.790001000000004,1564
4,3,2020-12-02,51.639998999999996,1565
4,3,2020-12-03,51.900002,1566
4,3,2020-12-04,52.759997999999996,1567
4,3,2020-12-07,52.700001,1568
4,3,2020-12-08,52.790001000000004,1569
4,3,2020-12-09,53.0,1570
4,3,2020-12-10,52.98,1571
4,3,2020-12-11,52.779999,1572
4,3,2020-12-14,53.18,1573
4,3,2020-12-15,53.599998,1574
4,3,2020-12-16,52.939999,1575
4,3,2020-12-17,53.150002,1576
4,3,2020-12-18,52.619999,1577
4,3,2020-12-21,51.98,1578
4,3,2020-12-22,52.389998999999996,1579
4,3,2020-12-23,52.939999,1580
4,3,2020-12-24,53.02,1581
4,3,2020-12-28,53.73,1582
4,3,2020-12-29,54.02,1583
4,3,2020-12-30,54.029999,1584
4,3,2020-12-31,54.27,1585
4,3,2021-01-04,52.029999,1586
4,3,2021-01-05,52.029999,1587
4,3,2021-01-06,50.189999,1588
4,3,2021-01-07,49.52,1589
4,3,2021-01-08,49.84,1590
4,3,2021-01-11,49.950001,1591
4,3,2021-01-12,49.759997999999996,1592
4,3,2021-01-13,49.950001,1593
4,3,2021-01-14,49.220001,1594
4,3,2021-01-15,48.529999,1595
4,3,2021-01-19,48.240002000000004,1596
4,3,2021-01-20,48.310001,1597
4,3,2021-01-21,48.459998999999996,1598
4,3,2021-01-22,48.490002000000004,1599
4,3,2021-01-25,48.240002000000004,1600
5,3,2020-09-01,470.51000999999997,1601
5,3,2020-09-02,405.119995,1602
5,3,2020-09-03,402.0,1603
5,3,2020-09-04,372.019989,1604
5,3,2020-09-08,329.880005,1605
5,3,2020-09-09,341.51001,1606
5,3,2020-09-10,360.559998,1607
5,3,2020-09-11,360.5,1608
5,3,2020-09-14,373.299988,1609
5,3,2020-09-15,430.700012,1610
5,3,2020-09-16,435.30999800000006,1611
5,3,2020-09-17,408.0,1612
5,3,2020-09-18,428.799988,1613
5,3,2020-09-21,407.070007,1614
5,3,2020-09-22,417.600006,1615
5,3,2020-09-23,375.880005,1616
5,3,2020-09-24,351.299988,1617
5,3,2020-09-25,391.299988,1618
5,3,2020-09-28,415.549988,1619
5,3,2020-09-29,411.600006,1620
5,3,2020-09-30,420.47000099999997,1621
5,3,2020-10-01,434.420013,1622
5,3,2020-10-02,415.0,1623
5,3,2020-10-05,419.329987,1624
5,3,2020-10-06,406.049988,1625
5,3,2020-10-07,413.850006,1626
5,3,2020-10-08,425.299988,1627
5,3,2020-10-09,426.459991,1628
5,3,2020-10-12,438.579987,1629
5,3,2020-10-13,436.60000599999995,1630
5,3,2020-10-14,447.35000599999995,1631
5,3,2020-10-15,442.5,1632
5,3,2020-10-16,438.85000599999995,1633
5,3,2020-10-19,428.869995,1634
5,3,2020-10-20,419.049988,1635
5,3,2020-10-21,421.25,1636
5,3,2020-10-22,424.51000999999997,1637
5,3,2020-10-23,407.380005,1638
5,3,2020-10-26,410.0,1639
5,3,2020-10-27,420.10000599999995,1640
5,3,2020-10-28,406.0,1641
5,3,2020-10-29,406.459991,1642
5,3,2020-10-30,379.109985,1643
5,3,2020-11-02,392.299988,1644
5,3,2020-11-03,406.690002,1645
5,3,2020-11-04,417.100006,1646
5,3,2020-11-05,424.0,1647
5,3,2020-11-06,424.27999900000003,1648
5,3,2020-11-09,421.0,1649
5,3,2020-11-10,396.02999900000003,1650
5,3,2020-11-11,410.579987,1651
5,3,2020-11-12,409.519989,1652
5,3,2020-11-13,401.660004,1653
5,3,2020-11-16,404.089996,1654
5,3,2020-11-17,433.01000999999997,1655
5,3,2020-11-18,443.5,1656
5,3,2020-11-19,487.57000700000003,1657
5,3,2020-11-20,489.05999800000006,1658
5,3,2020-11-23,501.790009,1659
5,3,2020-11-24,526.200012,1660
5,3,2020-11-25,545.369995,1661
5,3,2020-11-27,578.450012,1662
5,3,2020-11-30,554.51001,1663
5,3,2020-12-01,572.049988,1664
5,3,2020-12-02,541.210022,1665
5,3,2020-12-03,582.429993,1666
5,3,2020-12-04,585.5,1667
5,3,2020-12-07,603.049988,1668
5,3,2020-12-08,618.5,1669
5,3,2020-12-09,588.0,1670
5,3,2020-12-10,566.340027,1671
5,3,2020-12-11,596.799988,1672
5,3,2020-12-14,610.200012,1673
5,3,2020-12-15,623.799988,1674
5,3,2020-12-16,605.0,1675
5,3,2020-12-17,619.5,1676
5,3,2020-12-18,628.539978,1677
5,3,2020-12-21,646.070007,1678
5,3,2020-12-22,614.22998,1679
5,3,2020-12-23,622.570007,1680
5,3,2020-12-24,641.0,1681
5,3,2020-12-28,660.799988,1682
5,3,2020-12-29,655.0,1683
5,3,2020-12-30,668.3599849999999,1684
5,3,2020-12-31,691.119995,1685
5,3,2021-01-04,717.1900019999999,1686
5,3,2021-01-05,719.200012,1687
5,3,2021-01-06,749.099976,1688
5,3,2021-01-07,775.200012,1689
5,3,2021-01-08,838.3900150000001,1690
5,3,2021-01-11,803.619995,1691
5,3,2021-01-12,827.340027,1692
5,3,2021-01-13,832.0,1693
5,3,2021-01-14,838.75,1694
5,3,2021-01-15,819.099976,1695
5,3,2021-01-19,833.0,1696
5,3,2021-01-20,837.280029,1697
5,3,2021-01-21,841.419983,1698
5,3,2021-01-22,828.619995,1699
5,3,2021-01-25,838.820007,1700
6,3,2020-09-01,58.779999,1701
6,3,2020-09-02,59.0,1702
6,3,2020-09-03,60.139998999999996,1703
6,3,2020-09-04,60.060001,1704
6,3,2020-09-08,59.619999,1705
6,3,2020-09-09,59.970001,1706
6,3,2020-09-10,59.41,1707
6,3,2020-09-11,59.360001000000004,1708
6,3,2020-09-14,60.0,1709
6,3,2020-09-15,60.099998,1710
6,3,2020-09-16,60.32,1711
6,3,2020-09-17,60.099998,1712
6,3,2020-09-18,60.150002,1713
6,3,2020-09-21,59.02,1714
6,3,2020-09-22,59.52,1715
6,3,2020-09-23,58.849998,1716
6,3,2020-09-24,58.650002,1717
6,3,2020-09-25,58.810001,1718
6,3,2020-09-28,59.18,1719
6,3,2020-09-29,59.099998,1720
6,3,2020-09-30,59.049999,1721
6,3,2020-10-01,59.029999,1722
6,3,2020-10-02,59.110001000000004,1723
6,3,2020-10-05,59.259997999999996,1724
6,3,2020-10-06,59.330002,1725
6,3,2020-10-07,59.200001,1726
6,3,2020-10-08,58.970001,1727
6,3,2020-10-09,59.080002,1728
6,3,2020-10-12,59.150002,1729
6,3,2020-10-13,58.849998,1730
6,3,2020-10-14,58.389998999999996,1731
6,3,2020-10-15,57.720001,1732
6,3,2020-10-16,58.009997999999996,1733
6,3,2020-10-19,57.080002,1734
6,3,2020-10-20,56.759997999999996,1735
6,3,2020-10-21,56.689999,1736
6,3,2020-10-22,56.509997999999996,1737
6,3,2020-10-23,57.459998999999996,1738
6,3,2020-10-26,56.970001,1739
6,3,2020-10-27,57.310001,1740
6,3,2020-10-28,56.119999,1741
6,3,2020-10-29,56.02,1742
6,3,2020-10-30,56.369999,1743
6,3,2020-11-02,57.0,1744
6,3,2020-11-03,57.509997999999996,1745
6,3,2020-11-04,56.580002,1746
6,3,2020-11-05,57.799999,1747
6,3,2020-11-06,58.009997999999996,1748
6,3,2020-11-09,59.509997999999996,1749
6,3,2020-11-10,60.200001,1750
6,3,2020-11-11,60.470001,1751
6,3,2020-11-12,60.34,1752
6,3,2020-11-13,60.380001,1753
6,3,2020-11-16,60.700001,1754
6,3,2020-11-17,60.360001000000004,1755
6,3,2020-11-18,60.299999,1756
6,3,2020-11-19,59.900002,1757
6,3,2020-11-20,59.950001,1758
6,3,2020-11-23,60.0,1759
6,3,2020-11-24,60.360001000000004,1760
6,3,2020-11-25,60.330002,1761
6,3,2020-11-27,60.41,1762
6,3,2020-11-30,60.189999,1763
6,3,2020-12-01,60.279999,1764
6,3,2020-12-02,61.009997999999996,1765
6,3,2020-12-03,61.040001000000004,1766
6,3,2020-12-04,61.27,1767
6,3,2020-12-07,61.18,1768
6,3,2020-12-08,60.880001,1769
6,3,2020-12-09,61.09,1770
6,3,2020-12-10,60.330002,1771
6,3,2020-12-11,59.970001,1772
6,3,2020-12-14,59.77,1773
6,3,2020-12-15,59.970001,1774
6,3,2020-12-16,59.669998,1775
6,3,2020-12-17,59.610001000000004,1776
6,3,2020-12-18,59.790001000000004,1777
6,3,2020-12-21,59.279999,1778
6,3,2020-12-22,58.860001000000004,1779
6,3,2020-12-23,58.889998999999996,1780
6,3,2020-12-24,58.66,1781
6,3,2020-12-28,58.650002,1782
6,3,2020-12-29,58.639998999999996,1783
6,3,2020-12-30,58.060001,1784
6,3,2020-12-31,58.02,1785
6,3,2021-01-04,58.439999,1786
6,3,2021-01-05,58.459998999999996,1787
6,3,2021-01-06,58.540001000000004,1788
6,3,2021-01-07,58.080002,1789
6,3,2021-01-08,57.369999,1790
6,3,2021-01-11,57.290001000000004,1791
6,3,2021-01-12,56.689999,1792
6,3,2021-01-13,56.880001,1793
6,3,2021-01-14,56.66,1794
6,3,2021-01-15,56.709998999999996,1795
6,3,2021-01-19,56.98,1796
6,3,2021-01-20,56.66,1797
6,3,2021-01-21,57.049999,1798
6,3,2021-01-22,56.759997999999996,1799
6,3,2021-01-25,57.18,1800
1,2,2020-09-01,134.800003,1801
1,2,2020-09-02,137.979996,1802
1,2,2020-09-03,128.83999599999999,1803
1,2,2020-09-04,123.699997,1804
1,2,2020-09-08,118.989998,1805
1,2,2020-09-09,119.139999,1806
1,2,2020-09-10,120.5,1807
1,2,2020-09-11,115.230003,1808
1,2,2020-09-14,115.93,1809
1,2,2020-09-15,118.83000200000001,1810
1,2,2020-09-16,116.0,1811
1,2,2020-09-17,112.199997,1812
1,2,2020-09-18,110.879997,1813
1,2,2020-09-21,110.190002,1814
1,2,2020-09-22,112.860001,1815
1,2,2020-09-23,112.110001,1816
1,2,2020-09-24,110.25,1817
1,2,2020-09-25,112.440002,1818
1,2,2020-09-28,115.32,1819
1,2,2020-09-29,115.309998,1820
1,2,2020-09-30,117.260002,1821
1,2,2020-10-01,117.720001,1822
1,2,2020-10-02,115.370003,1823
1,2,2020-10-05,116.650002,1824
1,2,2020-10-06,116.120003,1825
1,2,2020-10-07,115.550003,1826
1,2,2020-10-08,116.400002,1827
1,2,2020-10-09,117.0,1828
1,2,2020-10-12,125.18,1829
1,2,2020-10-13,125.389999,1830
1,2,2020-10-14,123.029999,1831
1,2,2020-10-15,121.199997,1832
1,2,2020-10-16,121.550003,1833
1,2,2020-10-19,120.41999799999999,1834
1,2,2020-10-20,118.980003,1835
1,2,2020-10-21,118.709999,1836
1,2,2020-10-22,118.040001,1837
1,2,2020-10-23,116.550003,1838
1,2,2020-10-26,116.550003,1839
1,2,2020-10-27,117.279999,1840
1,2,2020-10-28,115.43,1841
1,2,2020-10-29,116.93,1842
1,2,2020-10-30,111.989998,1843
1,2,2020-11-02,110.68,1844
1,2,2020-11-03,111.489998,1845
1,2,2020-11-04,115.589996,1846
1,2,2020-11-05,119.620003,1847
1,2,2020-11-06,119.199997,1848
1,2,2020-11-09,121.989998,1849
1,2,2020-11-10,117.589996,1850
1,2,2020-11-11,119.629997,1851
1,2,2020-11-12,120.529999,1852
1,2,2020-11-13,119.66999799999999,1853
1,2,2020-11-16,120.989998,1854
1,2,2020-11-17,120.66999799999999,1855
1,2,2020-11-18,119.82,1856
1,2,2020-11-19,119.059998,1857
1,2,2020-11-20,118.769997,1858
1,2,2020-11-23,117.620003,1859
1,2,2020-11-24,115.849998,1860
1,2,2020-11-25,116.75,1861
1,2,2020-11-27,117.489998,1862
1,2,2020-11-30,120.970001,1863
1,2,2020-12-01,123.470001,1864
1,2,2020-12-02,123.370003,1865
1,2,2020-12-03,123.779999,1866
1,2,2020-12-04,122.860001,1867
1,2,2020-12-07,124.57,1868
1,2,2020-12-08,124.980003,1869
1,2,2020-12-09,125.949997,1870
1,2,2020-12-10,123.870003,1871
1,2,2020-12-11,122.760002,1872
1,2,2020-12-14,123.349998,1873
1,2,2020-12-15,127.900002,1874
1,2,2020-12-16,128.369995,1875
1,2,2020-12-17,129.580002,1876
1,2,2020-12-18,129.100006,1877
1,2,2020-12-21,128.309998,1878
1,2,2020-12-22,134.41000400000001,1879
1,2,2020-12-23,132.429993,1880
1,2,2020-12-24,133.46000700000002,1881
1,2,2020-12-28,137.33999599999999,1882
1,2,2020-12-29,138.78999299999998,1883
1,2,2020-12-30,135.990005,1884
1,2,2020-12-31,134.740005,1885
1,2,2021-01-04,133.610001,1886
1,2,2021-01-05,131.740005,1887
1,2,2021-01-06,131.050003,1888
1,2,2021-01-07,131.630005,1889
1,2,2021-01-08,132.630005,1890
1,2,2021-01-11,130.169998,1891
1,2,2021-01-12,129.690002,1892
1,2,2021-01-13,131.449997,1893
1,2,2021-01-14,131.0,1894
1,2,2021-01-15,130.220001,1895
1,2,2021-01-19,128.71000700000002,1896
1,2,2021-01-20,132.490005,1897
1,2,2021-01-21,139.669998,1898
1,2,2021-01-22,139.850006,1899
1,2,2021-01-25,145.08999599999999,1900
2,2,2020-09-01,3513.8701170000004,1901
2,2,2020-09-02,3552.25,1902
2,2,2020-09-03,3488.4099119999996,1903
2,2,2020-09-04,3381.5,1904
2,2,2020-09-08,3250.850098,1905
2,2,2020-09-09,3303.179932,1906
2,2,2020-09-10,3349.889893,1907
2,2,2020-09-11,3217.340088,1908
2,2,2020-09-14,3187.389893,1909
2,2,2020-09-15,3175.02002,1910
2,2,2020-09-16,3187.23999,1911
2,2,2020-09-17,3029.429932,1912
2,2,2020-09-18,3037.800049,1913
2,2,2020-09-21,2962.0,1914
2,2,2020-09-22,3133.98999,1915
2,2,2020-09-23,3127.0,1916
2,2,2020-09-24,3069.300049,1917
2,2,2020-09-25,3101.540039,1918
2,2,2020-09-28,3175.040039,1919
2,2,2020-09-29,3188.26001,1920
2,2,2020-09-30,3212.8798829999996,1921
2,2,2020-10-01,3224.0,1922
2,2,2020-10-02,3195.800049,1923
2,2,2020-10-05,3202.530029,1924
2,2,2020-10-06,3182.0,1925
2,2,2020-10-07,3200.0,1926
2,2,2020-10-08,3233.290039,1927
2,2,2020-10-09,3288.98999,1928
2,2,2020-10-12,3496.23999,1929
2,2,2020-10-13,3492.3798829999996,1930
2,2,2020-10-14,3464.8798829999996,1931
2,2,2020-10-15,3355.8798829999996,1932
2,2,2020-10-16,3399.6599119999996,1933
2,2,2020-10-19,3329.0,1934
2,2,2020-10-20,3266.0,1935
2,2,2020-10-21,3233.8798829999996,1936
2,2,2020-10-22,3198.75,1937
2,2,2020-10-23,3205.330078,1938
2,2,2020-10-26,3282.97998,1939
2,2,2020-10-27,3291.659912,1940
2,2,2020-10-28,3264.02002,1941
2,2,2020-10-29,3257.25,1942
2,2,2020-10-30,3167.0,1943
2,2,2020-11-02,3079.709961,1944
2,2,2020-11-03,3074.899902,1945
2,2,2020-11-04,3244.850098,1946
2,2,2020-11-05,3366.8000490000004,1947
2,2,2020-11-06,3322.0,1948
2,2,2020-11-09,3289.0,1949
2,2,2020-11-10,3114.0,1950
2,2,2020-11-11,3139.149902,1951
2,2,2020-11-12,3175.8798829999996,1952
2,2,2020-11-13,3141.719971,1953
2,2,2020-11-16,3142.699951,1954
2,2,2020-11-17,3189.25,1955
2,2,2020-11-18,3140.0,1956
2,2,2020-11-19,3125.0,1957
2,2,2020-11-20,3132.889893,1958
2,2,2020-11-23,3139.75,1959
2,2,2020-11-24,3134.25,1960
2,2,2020-11-25,3198.0,1961
2,2,2020-11-27,3216.189941,1962
2,2,2020-11-30,3228.389893,1963
2,2,2020-12-01,3248.949951,1964
2,2,2020-12-02,3232.0,1965
2,2,2020-12-03,3228.639893,1966
2,2,2020-12-04,3198.209961,1967
2,2,2020-12-07,3180.76001,1968
2,2,2020-12-08,3184.1298829999996,1969
2,2,2020-12-09,3174.429932,1970
2,2,2020-12-10,3142.100098,1971
2,2,2020-12-11,3118.669922,1972
2,2,2020-12-14,3190.469971,1973
2,2,2020-12-15,3188.5,1974
2,2,2020-12-16,3247.0,1975
2,2,2020-12-17,3263.51001,1976
2,2,2020-12-18,3249.419922,1977
2,2,2020-12-21,3226.969971,1978
2,2,2020-12-22,3222.0,1979
2,2,2020-12-23,3210.1298829999996,1980
2,2,2020-12-24,3202.0,1981
2,2,2020-12-28,3304.0,1982
2,2,2020-12-29,3350.649902,1983
2,2,2020-12-30,3342.100098,1984
2,2,2020-12-31,3282.919922,1985
2,2,2021-01-04,3272.0,1986
2,2,2021-01-05,3223.3798829999996,1987
2,2,2021-01-06,3197.51001,1988
2,2,2021-01-07,3208.540039,1989
2,2,2021-01-08,3190.639893,1990
2,2,2021-01-11,3156.3798829999996,1991
2,2,2021-01-12,3142.139893,1992
2,2,2021-01-13,3189.949951,1993
2,2,2021-01-14,3178.0,1994
2,2,2021-01-15,3142.550049,1995
2,2,2021-01-19,3145.0,1996
2,2,2021-01-20,3279.800049,1997
2,2,2021-01-21,3348.550049,1998
2,2,2021-01-22,3321.909912,1999
2,2,2021-01-25,3363.889893,2000
3,2,2020-09-01,7.82,2001
3,2,2020-09-02,8.05,2002
3,2,2020-09-03,8.45,2003
3,2,2020-09-04,7.92,2004
3,2,2020-09-08,8.28,2005
3,2,2020-09-09,7.99,2006
3,2,2020-09-10,6.95,2007
3,2,2020-09-11,6.33,2008
3,2,2020-09-14,7.0,2009
3,2,2020-09-15,7.26,2010
3,2,2020-09-16,9.04,2011
3,2,2020-09-17,9.77,2012
3,2,2020-09-18,9.77,2013
3,2,2020-09-21,9.6,2014
3,2,2020-09-22,11.17,2015
3,2,2020-09-23,10.86,2016
3,2,2020-09-24,9.81,2017
3,2,2020-09-25,10.18,2018
3,2,2020-09-28,10.26,2019
3,2,2020-09-29,10.65,2020
3,2,2020-09-30,10.76,2021
3,2,2020-10-01,10.25,2022
3,2,2020-10-02,9.78,2023
3,2,2020-10-05,9.59,2024
3,2,2020-10-06,9.84,2025
3,2,2020-10-07,9.56,2026
3,2,2020-10-08,13.64,2027
3,2,2020-10-09,14.8,2028
3,2,2020-10-12,12.77,2029
3,2,2020-10-13,12.42,2030
3,2,2020-10-14,12.68,2031
3,2,2020-10-15,15.1,2032
3,2,2020-10-16,13.9,2033
3,2,2020-10-19,14.5,2034
3,2,2020-10-20,14.14,2035
3,2,2020-10-21,14.42,2036
3,2,2020-10-22,15.87,2037
3,2,2020-10-23,15.38,2038
3,2,2020-10-26,15.45,2039
3,2,2020-10-27,13.71,2040
3,2,2020-10-28,13.05,2041
3,2,2020-10-29,12.25,2042
3,2,2020-10-30,11.64,2043
3,2,2020-11-02,11.09,2044
3,2,2020-11-03,11.86,2045
3,2,2020-11-04,11.77,2046
3,2,2020-11-05,11.84,2047
3,2,2020-11-06,12.17,2048
3,2,2020-11-09,12.93,2049
3,2,2020-11-10,11.66,2050
3,2,2020-11-11,11.95,2051
3,2,2020-11-12,11.87,2052
3,2,2020-11-13,11.55,2053
3,2,2020-11-16,12.66,2054
3,2,2020-11-17,11.92,2055
3,2,2020-11-18,12.04,2056
3,2,2020-11-19,12.79,2057
3,2,2020-11-20,13.46,2058
3,2,2020-11-23,14.12,2059
3,2,2020-11-24,14.26,2060
3,2,2020-11-25,15.25,2061
3,2,2020-11-27,16.74,2062
3,2,2020-11-30,19.42,2063
3,2,2020-12-01,17.4,2064
3,2,2020-12-02,16.68,2065
3,2,2020-12-03,16.639999,2066
3,2,2020-12-04,17.290001,2067
3,2,2020-12-07,17.5,2068
3,2,2020-12-08,17.209999,2069
3,2,2020-12-09,14.73,2070
3,2,2020-12-10,14.41,2071
3,2,2020-12-11,14.0,2072
3,2,2020-12-14,13.43,2073
3,2,2020-12-15,14.02,2074
3,2,2020-12-16,14.31,2075
3,2,2020-12-17,14.98,2076
3,2,2020-12-18,16.299999,2077
3,2,2020-12-21,16.35,2078
3,2,2020-12-22,20.040001,2079
3,2,2020-12-23,22.35,2080
3,2,2020-12-24,21.48,2081
3,2,2020-12-28,21.969998999999998,2082
3,2,2020-12-29,21.07,2083
3,2,2020-12-30,20.0,2084
3,2,2020-12-31,19.799999,2085
3,2,2021-01-04,19.1,2086
3,2,2021-01-05,18.08,2087
3,2,2021-01-06,18.98,2088
3,2,2021-01-07,19.450001,2089
3,2,2021-01-08,18.299999,2090
3,2,2021-01-11,20.65,2091
3,2,2021-01-12,20.4,2092
3,2,2021-01-13,38.650002,2093
3,2,2021-01-14,43.060001,2094
3,2,2021-01-15,40.75,2095
3,2,2021-01-19,45.52,2096
3,2,2021-01-20,41.189999,2097
3,2,2021-01-21,44.75,2098
3,2,2021-01-22,76.760002,2099
3,2,2021-01-25,159.179993,2100
4,2,2020-09-01,49.349998,2101
4,2,2020-09-02,51.360001000000004,2102
4,2,2020-09-03,52.139998999999996,2103
4,2,2020-09-04,51.470001,2104
4,2,2020-09-08,51.040001000000004,2105
4,2,2020-09-09,50.759997999999996,2106
4,2,2020-09-10,50.68,2107
4,2,2020-09-11,51.200001,2108
4,2,2020-09-14,51.23,2109
4,2,2020-09-15,51.380001,2110
4,2,2020-09-16,51.450001,2111
4,2,2020-09-17,50.630001,2112
4,2,2020-09-18,51.16,2113
4,2,2020-09-21,50.02,2114
4,2,2020-09-22,50.040001000000004,2115
4,2,2020-09-23,49.919998,2116
4,2,2020-09-24,49.099998,2117
4,2,2020-09-25,48.759997999999996,2118
4,2,2020-09-28,49.709998999999996,2119
4,2,2020-09-29,49.560001,2120
4,2,2020-09-30,49.619999,2121
4,2,2020-10-01,49.66,2122
4,2,2020-10-02,49.580002,2123
4,2,2020-10-05,49.549999,2124
4,2,2020-10-06,49.73,2125
4,2,2020-10-07,49.759997999999996,2126
4,2,2020-10-08,50.540001000000004,2127
4,2,2020-10-09,51.23,2128
4,2,2020-10-12,51.529999,2129
4,2,2020-10-13,50.990002000000004,2130
4,2,2020-10-14,50.490002000000004,2131
4,2,2020-10-15,50.130001,2132
4,2,2020-10-16,50.349998,2133
4,2,2020-10-19,50.48,2134
4,2,2020-10-20,50.619999,2135
4,2,2020-10-21,50.43,2136
4,2,2020-10-22,51.200001,2137
4,2,2020-10-23,51.18,2138
4,2,2020-10-26,50.509997999999996,2139
4,2,2020-10-27,50.290001000000004,2140
4,2,2020-10-28,49.150002,2141
4,2,2020-10-29,48.48,2142
4,2,2020-10-30,48.119999,2143
4,2,2020-11-02,48.950001,2144
4,2,2020-11-03,49.959998999999996,2145
4,2,2020-11-04,50.209998999999996,2146
4,2,2020-11-05,50.209998999999996,2147
4,2,2020-11-06,49.990002000000004,2148
4,2,2020-11-09,53.259997999999996,2149
4,2,2020-11-10,54.279999,2150
4,2,2020-11-11,54.299999,2151
4,2,2020-11-12,53.209998999999996,2152
4,2,2020-11-13,53.5,2153
4,2,2020-11-16,54.619999,2154
4,2,2020-11-17,53.75,2155
4,2,2020-11-18,54.02,2156
4,2,2020-11-19,53.23,2157
4,2,2020-11-20,53.25,2158
4,2,2020-11-23,53.169998,2159
4,2,2020-11-24,53.59,2160
4,2,2020-11-25,53.279999,2161
4,2,2020-11-27,53.189999,2162
4,2,2020-11-30,52.189999,2163
4,2,2020-12-01,52.330002,2164
4,2,2020-12-02,52.130001,2165
4,2,2020-12-03,52.939999,2166
4,2,2020-12-04,53.869999,2167
4,2,2020-12-07,53.779999,2168
4,2,2020-12-08,53.48,2169
4,2,2020-12-09,53.599998,2170
4,2,2020-12-10,53.509997999999996,2171
4,2,2020-12-11,53.540001000000004,2172
4,2,2020-12-14,53.84,2173
4,2,2020-12-15,54.220001,2174
4,2,2020-12-16,53.799999,2175
4,2,2020-12-17,53.709998999999996,2176
4,2,2020-12-18,53.84,2177
4,2,2020-12-21,53.0,2178
4,2,2020-12-22,53.18,2179
4,2,2020-12-23,53.389998999999996,2180
4,2,2020-12-24,53.549999,2181
4,2,2020-12-28,54.439999,2182
4,2,2020-12-29,54.490002000000004,2183
4,2,2020-12-30,54.630001,2184
4,2,2020-12-31,54.93,2185
4,2,2021-01-04,54.630001,2186
4,2,2021-01-05,52.619999,2187
4,2,2021-01-06,52.02,2188
4,2,2021-01-07,50.259997999999996,2189
4,2,2021-01-08,51.130001,2190
4,2,2021-01-11,50.860001000000004,2191
4,2,2021-01-12,50.369999,2192
4,2,2021-01-13,50.360001000000004,2193
4,2,2021-01-14,50.18,2194
4,2,2021-01-15,49.18,2195
4,2,2021-01-19,49.040001000000004,2196
4,2,2021-01-20,48.82,2197
4,2,2021-01-21,49.09,2198
4,2,2021-01-22,48.939999,2199
4,2,2021-01-25,48.84,2200
5,2,2020-09-01,502.48999000000003,2201
5,2,2020-09-02,479.040009,2202
5,2,2020-09-03,431.799988,2203
5,2,2020-09-04,428.0,2204
5,2,2020-09-08,368.73999,2205
5,2,2020-09-09,369.0,2206
5,2,2020-09-10,398.98999,2207
5,2,2020-09-11,382.5,2208
5,2,2020-09-14,420.0,2209
5,2,2020-09-15,461.94000199999994,2210
5,2,2020-09-16,457.790009,2211
5,2,2020-09-17,437.790009,2212
5,2,2020-09-18,451.0,2213
5,2,2020-09-21,455.67999299999997,2214
5,2,2020-09-22,437.76000999999997,2215
5,2,2020-09-23,412.149994,2216
5,2,2020-09-24,399.5,2217
5,2,2020-09-25,408.730011,2218
5,2,2020-09-28,428.079987,2219
5,2,2020-09-29,428.5,2220
5,2,2020-09-30,433.92999299999997,2221
5,2,2020-10-01,448.880005,2222
5,2,2020-10-02,439.130005,2223
5,2,2020-10-05,433.64001500000006,2224
5,2,2020-10-06,428.77999900000003,2225
5,2,2020-10-07,429.89999400000005,2226
5,2,2020-10-08,439.0,2227
5,2,2020-10-09,434.589996,2228
5,2,2020-10-12,448.73999000000003,2229
5,2,2020-10-13,448.89001500000006,2230
5,2,2020-10-14,465.89999400000005,2231
5,2,2020-10-15,456.57000700000003,2232
5,2,2020-10-16,455.950012,2233
5,2,2020-10-19,447.0,2234
5,2,2020-10-20,431.75,2235
5,2,2020-10-21,432.950012,2236
5,2,2020-10-22,445.23001100000005,2237
5,2,2020-10-23,422.89001500000006,2238
5,2,2020-10-26,425.76000999999997,2239
5,2,2020-10-27,430.5,2240
5,2,2020-10-28,418.600006,2241
5,2,2020-10-29,418.059998,2242
5,2,2020-10-30,407.589996,2243
5,2,2020-11-02,406.980011,2244
5,2,2020-11-03,427.76998899999995,2245
5,2,2020-11-04,435.39999400000005,2246
5,2,2020-11-05,440.0,2247
5,2,2020-11-06,436.57000700000003,2248
5,2,2020-11-09,452.5,2249
5,2,2020-11-10,420.089996,2250
5,2,2020-11-11,418.700012,2251
5,2,2020-11-12,423.0,2252
5,2,2020-11-13,412.52999900000003,2253
5,2,2020-11-16,412.450012,2254
5,2,2020-11-17,462.0,2255
5,2,2020-11-18,496.0,2256
5,2,2020-11-19,508.60998499999994,2257
5,2,2020-11-20,502.5,2258
5,2,2020-11-23,526.0,2259
5,2,2020-11-24,559.98999,2260
5,2,2020-11-25,574.0,2261
5,2,2020-11-27,598.780029,2262
5,2,2020-11-30,607.799988,2263
5,2,2020-12-01,597.849976,2264
5,2,2020-12-02,571.539978,2265
5,2,2020-12-03,598.969971,2266
5,2,2020-12-04,599.039978,2267
5,2,2020-12-07,648.789978,2268
5,2,2020-12-08,651.280029,2269
5,2,2020-12-09,654.320007,2270
5,2,2020-12-10,627.75,2271
5,2,2020-12-11,624.0,2272
5,2,2020-12-14,642.75,2273
5,2,2020-12-15,646.900024,2274
5,2,2020-12-16,632.5,2275
5,2,2020-12-17,658.820007,2276
5,2,2020-12-18,695.0,2277
5,2,2020-12-21,668.5,2278
5,2,2020-12-22,649.880005,2279
5,2,2020-12-23,651.5,2280
5,2,2020-12-24,666.090027,2281
5,2,2020-12-28,681.400024,2282
5,2,2020-12-29,669.900024,2283
5,2,2020-12-30,696.599976,2284
5,2,2020-12-31,718.719971,2285
5,2,2021-01-04,744.48999,2286
5,2,2021-01-05,740.840027,2287
5,2,2021-01-06,774.0,2288
5,2,2021-01-07,816.98999,2289
5,2,2021-01-08,884.48999,2290
5,2,2021-01-11,854.429993,2291
5,2,2021-01-12,868.0,2292
5,2,2021-01-13,860.4699710000001,2293
5,2,2021-01-14,863.0,2294
5,2,2021-01-15,859.900024,2295
5,2,2021-01-19,850.0,2296
5,2,2021-01-20,859.5,2297
5,2,2021-01-21,855.7199710000001,2298
5,2,2021-01-22,848.0,2299
5,2,2021-01-25,900.400024,2300
6,2,2020-09-01,59.299999,2301
6,2,2020-09-02,60.740002000000004,2302
6,2,2020-09-03,61.279999,2303
6,2,2020-09-04,61.5,2304
6,2,2020-09-08,60.799999,2305
6,2,2020-09-09,60.75,2306
6,2,2020-09-10,60.25,2307
6,2,2020-09-11,59.959998999999996,2308
6,2,2020-09-14,60.779999,2309
6,2,2020-09-15,61.099998,2310
6,2,2020-09-16,60.93,2311
6,2,2020-09-17,60.990002000000004,2312
6,2,2020-09-18,60.939999,2313
6,2,2020-09-21,60.080002,2314
6,2,2020-09-22,60.369999,2315
6,2,2020-09-23,60.139998999999996,2316
6,2,2020-09-24,59.560001,2317
6,2,2020-09-25,59.450001,2318
6,2,2020-09-28,59.799999,2319
6,2,2020-09-29,59.490002000000004,2320
6,2,2020-09-30,59.709998999999996,2321
6,2,2020-10-01,59.599998,2322
6,2,2020-10-02,59.549999,2323
6,2,2020-10-05,59.84,2324
6,2,2020-10-06,59.970001,2325
6,2,2020-10-07,59.779999,2326
6,2,2020-10-08,59.73,2327
6,2,2020-10-09,59.540001000000004,2328
6,2,2020-10-12,59.68,2329
6,2,2020-10-13,59.720001,2330
6,2,2020-10-14,59.52,2331
6,2,2020-10-15,58.279999,2332
6,2,2020-10-16,58.43,2333
6,2,2020-10-19,58.290001000000004,2334
6,2,2020-10-20,57.669998,2335
6,2,2020-10-21,57.709998999999996,2336
6,2,2020-10-22,57.66,2337
6,2,2020-10-23,57.970001,2338
6,2,2020-10-26,57.849998,2339
6,2,2020-10-27,57.849998,2340
6,2,2020-10-28,57.349998,2341
6,2,2020-10-29,57.310001,2342
6,2,2020-10-30,57.07,2343
6,2,2020-11-02,58.209998999999996,2344
6,2,2020-11-03,58.380001,2345
6,2,2020-11-04,57.849998,2346
6,2,2020-11-05,58.970001,2347
6,2,2020-11-06,58.75,2348
6,2,2020-11-09,60.580002,2349
6,2,2020-11-10,61.41,2350
6,2,2020-11-11,61.349998,2351
6,2,2020-11-12,61.009997999999996,2352
6,2,2020-11-13,61.189999,2353
6,2,2020-11-16,61.459998999999996,2354
6,2,2020-11-17,61.02,2355
6,2,2020-11-18,61.150002,2356
6,2,2020-11-19,60.439999,2357
6,2,2020-11-20,60.330002,2358
6,2,2020-11-23,60.389998999999996,2359
6,2,2020-11-24,60.799999,2360
6,2,2020-11-25,60.740002000000004,2361
6,2,2020-11-27,60.740002000000004,2362
6,2,2020-11-30,60.599998,2363
6,2,2020-12-01,60.919998,2364
6,2,2020-12-02,61.950001,2365
6,2,2020-12-03,61.830002,2366
6,2,2020-12-04,61.799999,2367
6,2,2020-12-07,61.700001,2368
6,2,2020-12-08,61.700001,2369
6,2,2020-12-09,61.82,2370
6,2,2020-12-10,61.349998,2371
6,2,2020-12-11,60.529999,2372
6,2,2020-12-14,61.060001,2373
6,2,2020-12-15,60.740002000000004,2374
6,2,2020-12-16,60.450001,2375
6,2,2020-12-17,60.150002,2376
6,2,2020-12-18,60.779999,2377
6,2,2020-12-21,60.130001,2378
6,2,2020-12-22,59.419998,2379
6,2,2020-12-23,59.279999,2380
6,2,2020-12-24,59.07,2381
6,2,2020-12-28,59.18,2382
6,2,2020-12-29,59.240002000000004,2383
6,2,2020-12-30,58.939999,2384
6,2,2020-12-31,58.799999,2385
6,2,2021-01-04,59.150002,2386
6,2,2021-01-05,59.09,2387
6,2,2021-01-06,59.540001000000004,2388
6,2,2021-01-07,58.759997999999996,2389
6,2,2021-01-08,58.360001000000004,2390
6,2,2021-01-11,58.049999,2391
6,2,2021-01-12,57.450001,2392
6,2,2021-01-13,57.25,2393
6,2,2021-01-14,57.43,2394
6,2,2021-01-15,57.5,2395
6,2,2021-01-19,57.580002,2396
6,2,2021-01-20,57.389998999999996,2397
6,2,2021-01-21,57.509997999999996,2398
6,2,2021-01-22,57.689999,2399
6,2,2021-01-25,58.619999,2400
